callset,contrast,difference,se,ci95_low,ci95_high,z,p_two_sided,n_sites,n_blocks
all_hard_calls,great_lakes_minus_algonquin,0.091156,0.028317,0.035655,0.146658,3.2191,0.0012858093,79733,38
all_hard_calls,algonquin_minus_red,0.29313,0.038754,0.217173,0.369088,7.5639,3.9111729e-14,79635,38
all_hard_calls,great_lakes_minus_red,0.383876,0.043627,0.298366,0.469385,8.799,1.3805932e-18,79802,38
all_hard_calls,great_lakes_minus_algonquin_13467,0.130023,0.035676,0.060097,0.199949,3.6445,0.00026789682,75863,38
all_hard_calls,algonquin_13467_minus_red,0.246562,0.038311,0.171472,0.321653,6.4357,1.2287766e-10,75763,38
gq20_hard_calls,great_lakes_minus_algonquin,0.203314,0.052847,0.099733,0.306894,3.8472,0.00011947217,10624,38
gq20_hard_calls,algonquin_minus_red,0.202991,0.049705,0.105569,0.300413,4.0839,4.4284416e-05,10595,38
gq20_hard_calls,great_lakes_minus_red,0.383362,0.059781,0.266191,0.500533,6.4128,1.4289972e-10,16316,38
gq20_hard_calls,great_lakes_minus_algonquin_13467,0.265325,0.082463,0.103697,0.426952,3.2175,0.001293108,4352,38
gq20_hard_calls,algonquin_13467_minus_red,0.127062,0.084498,-0.038555,0.292679,1.5037,0.13265353,4348,38
