contrast,A,B,C,O,difference,se,ci95_low,ci95_high,z,p_two_sided,n_sites,n_blocks,baseline
great_lakes_minus_algonquin,all Eurasian,Yellowstone + Alaska,all coyotes,golden jackal,0.102082,0.027806,0.047582,0.156582,3.6712,0.00024140857,79733,38,True
great_lakes_minus_algonquin,all Eurasian,Yellowstone + Alaska,all coyotes,dhole,0.099811,0.024437,0.051914,0.147708,4.0844,4.4197527e-05,82554,38,False
great_lakes_minus_algonquin,all Eurasian,Yellowstone + Alaska,California coyote,golden jackal,0.102046,0.027921,0.047322,0.156771,3.6549,0.00025732164,79543,38,False
great_lakes_minus_algonquin,all Eurasian,Yellowstone + Alaska,California coyote,dhole,0.096787,0.023432,0.05086,0.142714,4.1305,3.6196335e-05,82329,38,False
great_lakes_minus_algonquin,all Eurasian,Yellowstone + Alaska,Alabama coyote,golden jackal,0.10242,0.027984,0.047571,0.157269,3.6599,0.0002523127,76184,38,False
great_lakes_minus_algonquin,all Eurasian,Yellowstone + Alaska,Alabama coyote,dhole,0.102293,0.025249,0.052805,0.15178,4.0514,5.0906358e-05,78624,38,False
great_lakes_minus_algonquin,all Eurasian,Yellowstone + Alaska,Midwest coyote,golden jackal,0.105697,0.030463,0.04599,0.165404,3.4697,0.00052101719,77483,38,False
great_lakes_minus_algonquin,all Eurasian,Yellowstone + Alaska,Midwest coyote,dhole,0.108128,0.028072,0.053107,0.163148,3.8519,0.00011722813,79940,38,False
great_lakes_minus_algonquin,all Eurasian,Yellowstone,all coyotes,golden jackal,0.1021,0.027944,0.047331,0.15687,3.6538,0.00025838275,79701,38,False
great_lakes_minus_algonquin,all Eurasian,Yellowstone,all coyotes,dhole,0.100341,0.02461,0.052106,0.148576,4.0773,4.5560569e-05,82524,38,False
great_lakes_minus_algonquin,all Eurasian,Yellowstone,California coyote,golden jackal,0.101955,0.028083,0.046912,0.156998,3.6305,0.00028289704,79515,38,False
great_lakes_minus_algonquin,all Eurasian,Yellowstone,California coyote,dhole,0.097308,0.023601,0.051049,0.143566,4.123,3.7399031e-05,82302,38,False
great_lakes_minus_algonquin,all Eurasian,Yellowstone,Alabama coyote,golden jackal,0.102567,0.028162,0.04737,0.157764,3.642,0.00027048381,76162,38,False
great_lakes_minus_algonquin,all Eurasian,Yellowstone,Alabama coyote,dhole,0.102909,0.025449,0.053029,0.152788,4.0437,5.2607773e-05,78604,38,False
great_lakes_minus_algonquin,all Eurasian,Yellowstone,Midwest coyote,golden jackal,0.105533,0.030533,0.045688,0.165378,3.4563,0.0005475983,77462,38,False
great_lakes_minus_algonquin,all Eurasian,Yellowstone,Midwest coyote,dhole,0.108691,0.028262,0.053297,0.164084,3.8458,0.00012014514,79919,38,False
great_lakes_minus_algonquin,all Eurasian,Alaska,all coyotes,golden jackal,0.099658,0.027742,0.045283,0.154033,3.5923,0.00032782215,78585,38,False
great_lakes_minus_algonquin,all Eurasian,Alaska,all coyotes,dhole,0.096648,0.024574,0.048482,0.144813,3.9329,8.3926314e-05,81253,38,False
great_lakes_minus_algonquin,all Eurasian,Alaska,California coyote,golden jackal,0.099727,0.027686,0.045464,0.153991,3.6021,0.00031561358,78427,38,False
great_lakes_minus_algonquin,all Eurasian,Alaska,California coyote,dhole,0.094025,0.023458,0.048047,0.140003,4.0082,6.1189821e-05,81074,38,False
great_lakes_minus_algonquin,all Eurasian,Alaska,Alabama coyote,golden jackal,0.099503,0.027821,0.044974,0.154031,3.5766,0.00034810767,75211,38,False
great_lakes_minus_algonquin,all Eurasian,Alaska,Alabama coyote,dhole,0.099182,0.025275,0.049642,0.148722,3.924,8.7077853e-05,77538,38,False
great_lakes_minus_algonquin,all Eurasian,Alaska,Midwest coyote,golden jackal,0.103189,0.030073,0.044246,0.162131,3.4313,0.00060065423,76483,38,False
great_lakes_minus_algonquin,all Eurasian,Alaska,Midwest coyote,dhole,0.105361,0.027763,0.050946,0.159777,3.795,0.00014763081,78839,38,False
great_lakes_minus_algonquin,all Eurasian,Mexican,all coyotes,golden jackal,0.113688,0.032869,0.049265,0.178112,3.4588,0.00054256756,79542,38,False
great_lakes_minus_algonquin,all Eurasian,Mexican,all coyotes,dhole,0.109096,0.028004,0.054208,0.163984,3.8957,9.7920345e-05,82340,38,False
great_lakes_minus_algonquin,all Eurasian,Mexican,California coyote,golden jackal,0.114229,0.03311,0.049334,0.179124,3.45,0.00056054417,79370,38,False
great_lakes_minus_algonquin,all Eurasian,Mexican,California coyote,dhole,0.10495,0.026631,0.052752,0.157147,3.9408,8.1202489e-05,82146,38,False
great_lakes_minus_algonquin,all Eurasian,Mexican,Alabama coyote,golden jackal,0.113222,0.03318,0.048189,0.178255,3.4123,0.00064412143,76049,38,False
great_lakes_minus_algonquin,all Eurasian,Mexican,Alabama coyote,dhole,0.110317,0.028698,0.054069,0.166565,3.8441,0.00012100729,78476,38,False
great_lakes_minus_algonquin,all Eurasian,Mexican,Midwest coyote,golden jackal,0.119332,0.036602,0.047592,0.191073,3.2602,0.0011131467,77332,38,False
great_lakes_minus_algonquin,all Eurasian,Mexican,Midwest coyote,dhole,0.119827,0.032847,0.055448,0.184206,3.6481,0.00026420787,79776,38,False
great_lakes_minus_algonquin,Europe,Yellowstone + Alaska,all coyotes,golden jackal,0.102865,0.028453,0.047096,0.158633,3.6152,0.0003000971,79704,38,False
great_lakes_minus_algonquin,Europe,Yellowstone + Alaska,all coyotes,dhole,0.10131,0.025578,0.051176,0.151443,3.9608,7.4708902e-05,82504,38,False
great_lakes_minus_algonquin,Europe,Yellowstone + Alaska,California coyote,golden jackal,0.102558,0.028221,0.047245,0.157872,3.6341,0.00027897808,79522,38,False
great_lakes_minus_algonquin,Europe,Yellowstone + Alaska,California coyote,dhole,0.097878,0.024396,0.050062,0.145694,4.0121,6.0183678e-05,82285,38,False
great_lakes_minus_algonquin,Europe,Yellowstone + Alaska,Alabama coyote,golden jackal,0.102896,0.028706,0.046632,0.15916,3.5845,0.00033777387,76168,38,False
great_lakes_minus_algonquin,Europe,Yellowstone + Alaska,Alabama coyote,dhole,0.102178,0.026275,0.050678,0.153677,3.8887,0.00010077048,78595,38,False
great_lakes_minus_algonquin,Europe,Yellowstone + Alaska,Midwest coyote,golden jackal,0.106966,0.031425,0.045372,0.168559,3.4038,0.00066449914,77465,38,False
great_lakes_minus_algonquin,Europe,Yellowstone + Alaska,Midwest coyote,dhole,0.110008,0.029723,0.05175,0.168266,3.7011,0.00021469307,79908,38,False
great_lakes_minus_algonquin,Europe,Yellowstone,all coyotes,golden jackal,0.102416,0.028487,0.046581,0.158251,3.5952,0.0003241767,79674,38,False
great_lakes_minus_algonquin,Europe,Yellowstone,all coyotes,dhole,0.101465,0.025593,0.051303,0.151627,3.9646,7.3524648e-05,82475,38,False
great_lakes_minus_algonquin,Europe,Yellowstone,California coyote,golden jackal,0.102005,0.028292,0.046552,0.157457,3.6054,0.00031168027,79495,38,False
great_lakes_minus_algonquin,Europe,Yellowstone,California coyote,dhole,0.098064,0.024432,0.050177,0.145952,4.0137,5.9771206e-05,82259,38,False
great_lakes_minus_algonquin,Europe,Yellowstone,Alabama coyote,golden jackal,0.102596,0.028757,0.046233,0.158959,3.5677,0.00036008963,76147,38,False
great_lakes_minus_algonquin,Europe,Yellowstone,Alabama coyote,dhole,0.102472,0.026315,0.050895,0.154048,3.8941,9.8566745e-05,78575,38,False
great_lakes_minus_algonquin,Europe,Yellowstone,Midwest coyote,golden jackal,0.106366,0.031318,0.044982,0.16775,3.3963,0.00068305707,77445,38,False
great_lakes_minus_algonquin,Europe,Yellowstone,Midwest coyote,dhole,0.110224,0.029706,0.052001,0.168447,3.7105,0.0002068297,79887,38,False
great_lakes_minus_algonquin,Europe,Alaska,all coyotes,golden jackal,0.100227,0.028726,0.043925,0.15653,3.4891,0.00048460031,78564,38,False
great_lakes_minus_algonquin,Europe,Alaska,all coyotes,dhole,0.097863,0.026162,0.046584,0.149141,3.7406,0.00018359546,81212,38,False
great_lakes_minus_algonquin,Europe,Alaska,California coyote,golden jackal,0.099623,0.028279,0.044197,0.15505,3.5229,0.00042687723,78411,38,False
great_lakes_minus_algonquin,Europe,Alaska,California coyote,dhole,0.094673,0.024829,0.046008,0.143338,3.813,0.00013728711,81039,38,False
great_lakes_minus_algonquin,Europe,Alaska,Alabama coyote,golden jackal,0.099598,0.028989,0.042779,0.156417,3.4357,0.00059104417,75200,38,False
great_lakes_minus_algonquin,Europe,Alaska,Alabama coyote,dhole,0.098817,0.026792,0.046304,0.15133,3.6883,0.00022577283,77513,38,False
great_lakes_minus_algonquin,Europe,Alaska,Midwest coyote,golden jackal,0.10433,0.031612,0.042371,0.166289,3.3004,0.00096558595,76471,38,False
great_lakes_minus_algonquin,Europe,Alaska,Midwest coyote,dhole,0.106866,0.030038,0.047991,0.16574,3.5577,0.00037417236,78812,38,False
great_lakes_minus_algonquin,Europe,Mexican,all coyotes,golden jackal,0.111129,0.033125,0.046203,0.176055,3.3548,0.00079422138,79521,38,False
great_lakes_minus_algonquin,Europe,Mexican,all coyotes,dhole,0.107704,0.028712,0.051428,0.16398,3.7512,0.0001760019,82298,38,False
great_lakes_minus_algonquin,Europe,Mexican,California coyote,golden jackal,0.11122,0.032905,0.046727,0.175714,3.3801,0.00072466051,79352,38,False
great_lakes_minus_algonquin,Europe,Mexican,California coyote,dhole,0.103387,0.027148,0.050178,0.156597,3.8083,0.00013990253,82106,38,False
great_lakes_minus_algonquin,Europe,Mexican,Alabama coyote,golden jackal,0.110337,0.033561,0.044557,0.176117,3.2876,0.0010103198,76036,38,False
great_lakes_minus_algonquin,Europe,Mexican,Alabama coyote,dhole,0.107088,0.02918,0.049895,0.164281,3.6699,0.00024263369,78453,38,False
great_lakes_minus_algonquin,Europe,Mexican,Midwest coyote,golden jackal,0.117063,0.037335,0.043887,0.190239,3.1355,0.0017155962,77316,38,False
great_lakes_minus_algonquin,Europe,Mexican,Midwest coyote,dhole,0.118187,0.034015,0.051518,0.184856,3.4746,0.00051164941,79746,38,False
great_lakes_minus_algonquin,Asia,Yellowstone + Alaska,all coyotes,golden jackal,0.127719,0.030417,0.068101,0.187336,4.1989,2.6821071e-05,79736,38,False
great_lakes_minus_algonquin,Asia,Yellowstone + Alaska,all coyotes,dhole,0.118487,0.027435,0.064714,0.17226,4.3188,1.5687877e-05,82543,38,False
great_lakes_minus_algonquin,Asia,Yellowstone + Alaska,California coyote,golden jackal,0.126926,0.030682,0.06679,0.187062,4.1369,3.5208008e-05,79546,38,False
great_lakes_minus_algonquin,Asia,Yellowstone + Alaska,California coyote,dhole,0.114235,0.026423,0.062445,0.166024,4.3233,1.5372303e-05,82315,38,False
great_lakes_minus_algonquin,Asia,Yellowstone + Alaska,Alabama coyote,golden jackal,0.128834,0.030971,0.06813,0.189537,4.1598,3.1856914e-05,76186,38,False
great_lakes_minus_algonquin,Asia,Yellowstone + Alaska,Alabama coyote,dhole,0.123865,0.028652,0.067707,0.180023,4.3231,1.5384993e-05,78607,38,False
great_lakes_minus_algonquin,Asia,Yellowstone + Alaska,Midwest coyote,golden jackal,0.131221,0.032401,0.067716,0.194727,4.05,5.1228251e-05,77484,38,False
great_lakes_minus_algonquin,Asia,Yellowstone + Alaska,Midwest coyote,dhole,0.128165,0.030995,0.067414,0.188916,4.135,3.5500176e-05,79927,38,False
great_lakes_minus_algonquin,Asia,Yellowstone,all coyotes,golden jackal,0.127738,0.03037,0.068213,0.187263,4.2061,2.598721e-05,79704,38,False
great_lakes_minus_algonquin,Asia,Yellowstone,all coyotes,dhole,0.118917,0.027616,0.064789,0.173045,4.3061,1.6619361e-05,82515,38,False
great_lakes_minus_algonquin,Asia,Yellowstone,California coyote,golden jackal,0.126834,0.03064,0.066781,0.186888,4.1396,3.479824e-05,79518,38,False
great_lakes_minus_algonquin,Asia,Yellowstone,California coyote,dhole,0.114655,0.026575,0.062568,0.166742,4.3144,1.6002051e-05,82290,38,False
great_lakes_minus_algonquin,Asia,Yellowstone,Alabama coyote,golden jackal,0.129048,0.030937,0.068412,0.189685,4.1713,3.0285197e-05,76164,38,False
great_lakes_minus_algonquin,Asia,Yellowstone,Alabama coyote,dhole,0.124398,0.028881,0.06779,0.181005,4.3072,1.6533254e-05,78589,38,False
great_lakes_minus_algonquin,Asia,Yellowstone,Midwest coyote,golden jackal,0.131196,0.032372,0.067746,0.194646,4.0527,5.0628803e-05,77463,38,False
great_lakes_minus_algonquin,Asia,Yellowstone,Midwest coyote,dhole,0.128667,0.031256,0.067406,0.189928,4.1166,3.8452455e-05,79907,38,False
great_lakes_minus_algonquin,Asia,Alaska,all coyotes,golden jackal,0.126295,0.030878,0.065775,0.186816,4.0902,4.3108796e-05,78588,38,False
great_lakes_minus_algonquin,Asia,Alaska,all coyotes,dhole,0.115801,0.027508,0.061885,0.169717,4.2097,2.5568624e-05,81258,38,False
great_lakes_minus_algonquin,Asia,Alaska,California coyote,golden jackal,0.125768,0.030966,0.065074,0.186462,4.0615,4.8768666e-05,78430,38,False
great_lakes_minus_algonquin,Asia,Alaska,California coyote,dhole,0.112063,0.026403,0.060312,0.163813,4.2443,2.1930264e-05,81077,38,False
great_lakes_minus_algonquin,Asia,Alaska,Alabama coyote,golden jackal,0.126928,0.031359,0.065464,0.188392,4.0476,5.1753334e-05,75213,38,False
great_lakes_minus_algonquin,Asia,Alaska,Alabama coyote,dhole,0.121777,0.028522,0.065874,0.17768,4.2696,1.958483e-05,77538,38,False
great_lakes_minus_algonquin,Asia,Alaska,Midwest coyote,golden jackal,0.129888,0.032425,0.066334,0.193441,4.0057,6.1825011e-05,76484,38,False
great_lakes_minus_algonquin,Asia,Alaska,Midwest coyote,dhole,0.126456,0.030364,0.066943,0.185969,4.1647,3.117482e-05,78842,38,False
great_lakes_minus_algonquin,Asia,Mexican,all coyotes,golden jackal,0.146132,0.035421,0.076707,0.215557,4.1256,3.6979582e-05,79544,38,False
great_lakes_minus_algonquin,Asia,Mexican,all coyotes,dhole,0.13314,0.031893,0.070629,0.19565,4.1746,2.9855504e-05,82329,38,False
great_lakes_minus_algonquin,Asia,Mexican,California coyote,golden jackal,0.145753,0.035867,0.075454,0.216052,4.0637,4.8296741e-05,79373,38,False
great_lakes_minus_algonquin,Asia,Mexican,California coyote,dhole,0.12722,0.030306,0.06782,0.18662,4.1978,2.6951537e-05,82134,38,False
great_lakes_minus_algonquin,Asia,Mexican,Alabama coyote,golden jackal,0.146584,0.036259,0.075517,0.217651,4.0427,5.2831002e-05,76050,38,False
great_lakes_minus_algonquin,Asia,Mexican,Alabama coyote,dhole,0.137388,0.033244,0.072229,0.202546,4.1327,3.5852307e-05,78459,38,False
great_lakes_minus_algonquin,Asia,Mexican,Midwest coyote,golden jackal,0.152602,0.038186,0.077758,0.227447,3.9963,6.4342008e-05,77333,38,False
great_lakes_minus_algonquin,Asia,Mexican,Midwest coyote,dhole,0.146338,0.036821,0.074169,0.218507,3.9743,7.0578602e-05,79761,38,False
algonquin_minus_red,all Eurasian,Yellowstone + Alaska,all coyotes,golden jackal,0.284567,0.037823,0.210433,0.358701,7.5236,5.3291279e-14,79635,38,True
algonquin_minus_red,all Eurasian,Yellowstone + Alaska,all coyotes,dhole,0.267268,0.03542,0.197844,0.336692,7.5456,4.5020429e-14,82408,38,False
algonquin_minus_red,all Eurasian,Yellowstone + Alaska,California coyote,golden jackal,0.281891,0.038397,0.206633,0.357149,7.3415,2.1121081e-13,79459,38,False
algonquin_minus_red,all Eurasian,Yellowstone + Alaska,California coyote,dhole,0.255959,0.034568,0.188206,0.323713,7.4045,1.3167482e-13,82206,38,False
algonquin_minus_red,all Eurasian,Yellowstone + Alaska,Alabama coyote,golden jackal,0.288441,0.037182,0.215565,0.361317,7.7576,8.6534227e-15,76127,38,False
algonquin_minus_red,all Eurasian,Yellowstone + Alaska,Alabama coyote,dhole,0.273794,0.036417,0.202416,0.345172,7.5182,5.5536713e-14,78543,38,False
algonquin_minus_red,all Eurasian,Yellowstone + Alaska,Midwest coyote,golden jackal,0.295492,0.041314,0.214517,0.376467,7.1524,8.5289754e-13,77418,38,False
algonquin_minus_red,all Eurasian,Yellowstone + Alaska,Midwest coyote,dhole,0.291177,0.040847,0.211118,0.371236,7.1285,1.0144164e-12,79858,38,False
algonquin_minus_red,all Eurasian,Yellowstone,all coyotes,golden jackal,0.285019,0.038328,0.209896,0.360142,7.4363,1.0356326e-13,79608,38,False
algonquin_minus_red,all Eurasian,Yellowstone,all coyotes,dhole,0.268341,0.035712,0.198345,0.338336,7.514,5.733702e-14,82376,38,False
algonquin_minus_red,all Eurasian,Yellowstone,California coyote,golden jackal,0.282299,0.038946,0.205966,0.358632,7.2486,4.212477e-13,79436,38,False
algonquin_minus_red,all Eurasian,Yellowstone,California coyote,dhole,0.257026,0.034859,0.188702,0.325349,7.3733,1.6643805e-13,82179,38,False
algonquin_minus_red,all Eurasian,Yellowstone,Alabama coyote,golden jackal,0.289655,0.037509,0.216137,0.363173,7.7222,1.1429458e-14,76110,38,False
algonquin_minus_red,all Eurasian,Yellowstone,Alabama coyote,dhole,0.275196,0.036778,0.203112,0.347281,7.4827,7.2805947e-14,78525,38,False
algonquin_minus_red,all Eurasian,Yellowstone,Midwest coyote,golden jackal,0.296145,0.041854,0.214111,0.378178,7.0757,1.4867964e-12,77399,38,False
algonquin_minus_red,all Eurasian,Yellowstone,Midwest coyote,dhole,0.292608,0.041223,0.21181,0.373405,7.0981,1.2645278e-12,79833,38,False
algonquin_minus_red,all Eurasian,Alaska,all coyotes,golden jackal,0.282841,0.038461,0.207459,0.358224,7.3541,1.9225698e-13,78493,38,False
algonquin_minus_red,all Eurasian,Alaska,all coyotes,dhole,0.265242,0.035126,0.196395,0.334088,7.5512,4.3119529e-14,81121,38,False
algonquin_minus_red,all Eurasian,Alaska,California coyote,golden jackal,0.280464,0.038775,0.204465,0.356463,7.2331,4.7209519e-13,78347,38,False
algonquin_minus_red,all Eurasian,Alaska,California coyote,dhole,0.253624,0.034104,0.18678,0.320468,7.4368,1.0316229e-13,80959,38,False
algonquin_minus_red,all Eurasian,Alaska,Alabama coyote,golden jackal,0.286689,0.03857,0.211092,0.362287,7.4329,1.0623011e-13,75155,38,False
algonquin_minus_red,all Eurasian,Alaska,Alabama coyote,dhole,0.269804,0.036192,0.198867,0.34074,7.4547,9.0039858e-14,77465,38,False
algonquin_minus_red,all Eurasian,Alaska,Midwest coyote,golden jackal,0.292968,0.04184,0.210961,0.374974,7.0021,2.5219628e-12,76423,38,False
algonquin_minus_red,all Eurasian,Alaska,Midwest coyote,dhole,0.28594,0.040493,0.206574,0.365306,7.0615,1.646938e-12,78766,38,False
algonquin_minus_red,all Eurasian,Mexican,all coyotes,golden jackal,0.321963,0.04204,0.239566,0.404361,7.6586,1.8799204e-14,79451,38,False
algonquin_minus_red,all Eurasian,Mexican,all coyotes,dhole,0.296351,0.038707,0.220486,0.372216,7.6564,1.9126998e-14,82197,38,False
algonquin_minus_red,all Eurasian,Mexican,California coyote,golden jackal,0.319457,0.042933,0.235308,0.403606,7.4408,1.0008242e-13,79289,38,False
algonquin_minus_red,all Eurasian,Mexican,California coyote,dhole,0.282396,0.037296,0.209296,0.355497,7.5718,3.6820222e-14,82022,38,False
algonquin_minus_red,all Eurasian,Mexican,Alabama coyote,golden jackal,0.325853,0.04126,0.244983,0.406723,7.8975,2.8457721e-15,75998,38,False
algonquin_minus_red,all Eurasian,Mexican,Alabama coyote,dhole,0.301914,0.040757,0.222032,0.381797,7.4077,1.2846245e-13,78395,38,False
algonquin_minus_red,all Eurasian,Mexican,Midwest coyote,golden jackal,0.337961,0.046513,0.246795,0.429128,7.2659,3.7058743e-13,77273,38,False
algonquin_minus_red,all Eurasian,Mexican,Midwest coyote,dhole,0.326178,0.045043,0.237894,0.414461,7.2415,4.4360422e-13,79700,38,False
algonquin_minus_red,Europe,Yellowstone + Alaska,all coyotes,golden jackal,0.289266,0.038545,0.213717,0.364815,7.5046,6.1633527e-14,79615,38,False
algonquin_minus_red,Europe,Yellowstone + Alaska,all coyotes,dhole,0.270522,0.034369,0.203159,0.337885,7.8712,3.5132284e-15,82365,38,False
algonquin_minus_red,Europe,Yellowstone + Alaska,California coyote,golden jackal,0.285844,0.039462,0.208499,0.363189,7.2436,4.3701932e-13,79443,38,False
algonquin_minus_red,Europe,Yellowstone + Alaska,California coyote,dhole,0.25852,0.033728,0.192413,0.324627,7.6648,1.7909106e-14,82168,38,False
algonquin_minus_red,Europe,Yellowstone + Alaska,Alabama coyote,golden jackal,0.29516,0.037893,0.22089,0.36943,7.7893,6.7358528e-15,76115,38,False
algonquin_minus_red,Europe,Yellowstone + Alaska,Alabama coyote,dhole,0.279019,0.035268,0.209893,0.348145,7.9113,2.547111e-15,78518,38,False
algonquin_minus_red,Europe,Yellowstone + Alaska,Midwest coyote,golden jackal,0.302782,0.04214,0.220188,0.385376,7.1852,6.7106141e-13,77404,38,False
algonquin_minus_red,Europe,Yellowstone + Alaska,Midwest coyote,dhole,0.297424,0.039735,0.219544,0.375305,7.4852,7.1417655e-14,79830,38,False
algonquin_minus_red,Europe,Yellowstone,all coyotes,golden jackal,0.288694,0.038991,0.212272,0.365115,7.4042,1.3196284e-13,79589,38,False
algonquin_minus_red,Europe,Yellowstone,all coyotes,dhole,0.270835,0.034514,0.203187,0.338483,7.847,4.2604319e-15,82334,38,False
algonquin_minus_red,Europe,Yellowstone,California coyote,golden jackal,0.285236,0.040016,0.206805,0.363667,7.1281,1.0179252e-12,79421,38,False
algonquin_minus_red,Europe,Yellowstone,California coyote,dhole,0.2589,0.033949,0.192359,0.325441,7.6261,2.420327e-14,82142,38,False
algonquin_minus_red,Europe,Yellowstone,Alabama coyote,golden jackal,0.295361,0.038166,0.220556,0.370166,7.7389,1.0029017e-14,76098,38,False
algonquin_minus_red,Europe,Yellowstone,Alabama coyote,dhole,0.279562,0.035393,0.210192,0.348933,7.8988,2.816163e-15,78500,38,False
algonquin_minus_red,Europe,Yellowstone,Midwest coyote,golden jackal,0.302172,0.042547,0.218779,0.385565,7.102,1.2294059e-12,77385,38,False
algonquin_minus_red,Europe,Yellowstone,Midwest coyote,dhole,0.29788,0.039903,0.21967,0.376091,7.465,8.3284502e-14,79805,38,False
algonquin_minus_red,Europe,Alaska,all coyotes,golden jackal,0.291154,0.040139,0.212481,0.369828,7.2536,4.0587505e-13,78479,38,False
algonquin_minus_red,Europe,Alaska,all coyotes,dhole,0.271287,0.0351,0.202491,0.340083,7.729,1.0840969e-14,81088,38,False
algonquin_minus_red,Europe,Alaska,California coyote,golden jackal,0.287849,0.040467,0.208533,0.367164,7.1132,1.1341493e-12,78336,38,False
algonquin_minus_red,Europe,Alaska,California coyote,dhole,0.258711,0.034006,0.192059,0.325364,7.6078,2.7890403e-14,80931,38,False
algonquin_minus_red,Europe,Alaska,Alabama coyote,golden jackal,0.297149,0.04032,0.218122,0.376177,7.3697,1.7095724e-13,75147,38,False
algonquin_minus_red,Europe,Alaska,Alabama coyote,dhole,0.277658,0.0363,0.206511,0.348806,7.649,2.0249095e-14,77444,38,False
algonquin_minus_red,Europe,Alaska,Midwest coyote,golden jackal,0.304492,0.044038,0.218177,0.390807,6.9143,4.703088e-12,76414,38,False
algonquin_minus_red,Europe,Alaska,Midwest coyote,dhole,0.29556,0.040823,0.215548,0.375573,7.2401,4.4840007e-13,78743,38,False
algonquin_minus_red,Europe,Mexican,all coyotes,golden jackal,0.317553,0.044808,0.229729,0.405378,7.0869,1.3713469e-12,79434,38,False
algonquin_minus_red,Europe,Mexican,all coyotes,dhole,0.291894,0.038233,0.216957,0.366832,7.6346,2.2660746e-14,82161,38,False
algonquin_minus_red,Europe,Mexican,California coyote,golden jackal,0.314282,0.045727,0.224657,0.403907,6.873,6.2872174e-12,79275,38,False
algonquin_minus_red,Europe,Mexican,California coyote,dhole,0.277841,0.036815,0.205684,0.349997,7.547,4.4530967e-14,81988,38,False
algonquin_minus_red,Europe,Mexican,Alabama coyote,golden jackal,0.323701,0.044152,0.237163,0.410239,7.3315,2.2753365e-13,75986,38,False
algonquin_minus_red,Europe,Mexican,Alabama coyote,dhole,0.298981,0.039912,0.220755,0.377208,7.4911,6.8302921e-14,78374,38,False
algonquin_minus_red,Europe,Mexican,Midwest coyote,golden jackal,0.335793,0.049578,0.238619,0.432966,6.773,1.2616226e-11,77258,38,False
algonquin_minus_red,Europe,Mexican,Midwest coyote,dhole,0.323192,0.044619,0.235738,0.410645,7.2434,4.3771289e-13,79673,38,False
algonquin_minus_red,Asia,Yellowstone + Alaska,all coyotes,golden jackal,0.271922,0.039561,0.194383,0.349461,6.8735,6.2624041e-12,79638,38,False
algonquin_minus_red,Asia,Yellowstone + Alaska,all coyotes,dhole,0.256232,0.039065,0.179664,0.3328,6.559,5.4155738e-11,82399,38,False
algonquin_minus_red,Asia,Yellowstone + Alaska,California coyote,golden jackal,0.267788,0.039693,0.18999,0.345586,6.7465,1.5146409e-11,79462,38,False
algonquin_minus_red,Asia,Yellowstone + Alaska,California coyote,dhole,0.244017,0.037535,0.170449,0.317585,6.5011,7.974416e-11,82195,38,False
algonquin_minus_red,Asia,Yellowstone + Alaska,Alabama coyote,golden jackal,0.275671,0.039398,0.198451,0.352892,6.9971,2.6140217e-12,76128,38,False
algonquin_minus_red,Asia,Yellowstone + Alaska,Alabama coyote,dhole,0.262082,0.040831,0.182054,0.34211,6.4187,1.3739806e-10,78528,38,False
algonquin_minus_red,Asia,Yellowstone + Alaska,Midwest coyote,golden jackal,0.281638,0.042648,0.198048,0.365228,6.6038,4.0075783e-11,77419,38,False
algonquin_minus_red,Asia,Yellowstone + Alaska,Midwest coyote,dhole,0.279646,0.044884,0.191673,0.36762,6.2304,4.6535191e-10,79847,38,False
algonquin_minus_red,Asia,Yellowstone,all coyotes,golden jackal,0.271899,0.040148,0.19321,0.350588,6.7725,1.2657838e-11,79611,38,False
algonquin_minus_red,Asia,Yellowstone,all coyotes,dhole,0.256913,0.039453,0.179585,0.334242,6.5118,7.4236218e-11,82367,38,False
algonquin_minus_red,Asia,Yellowstone,California coyote,golden jackal,0.26774,0.040231,0.188887,0.346592,6.6551,2.8312628e-11,79439,38,False
algonquin_minus_red,Asia,Yellowstone,California coyote,dhole,0.244715,0.037826,0.170577,0.318853,6.4695,9.8300163e-11,82169,38,False
algonquin_minus_red,Asia,Yellowstone,Alabama coyote,golden jackal,0.276353,0.039828,0.19829,0.354415,6.9387,3.9573436e-12,76111,38,False
algonquin_minus_red,Asia,Yellowstone,Alabama coyote,dhole,0.262951,0.041294,0.182014,0.343888,6.3677,1.9188352e-10,78511,38,False
algonquin_minus_red,Asia,Yellowstone,Midwest coyote,golden jackal,0.281765,0.043335,0.196829,0.366701,6.5021,7.9228044e-11,77400,38,False
algonquin_minus_red,Asia,Yellowstone,Midwest coyote,dhole,0.280779,0.045481,0.191638,0.369921,6.1736,6.6743565e-10,79822,38,False
algonquin_minus_red,Asia,Alaska,all coyotes,golden jackal,0.272068,0.03966,0.194335,0.349801,6.8601,6.8819408e-12,78496,38,False
algonquin_minus_red,Asia,Alaska,all coyotes,dhole,0.255635,0.038354,0.180462,0.330808,6.6652,2.6431969e-11,81128,38,False
algonquin_minus_red,Asia,Alaska,California coyote,golden jackal,0.268035,0.039798,0.19003,0.346039,6.7348,1.6410522e-11,78350,38,False
algonquin_minus_red,Asia,Alaska,California coyote,dhole,0.24291,0.036931,0.170525,0.315295,6.5774,4.7877519e-11,80964,38,False
algonquin_minus_red,Asia,Alaska,Alabama coyote,golden jackal,0.276113,0.040392,0.196944,0.355281,6.8358,8.1539389e-12,75157,38,False
algonquin_minus_red,Asia,Alaska,Alabama coyote,dhole,0.259976,0.04011,0.181361,0.33859,6.4816,9.0733502e-11,77467,38,False
algonquin_minus_red,Asia,Alaska,Midwest coyote,golden jackal,0.280361,0.042411,0.197235,0.363486,6.6105,3.8292081e-11,76423,38,False
algonquin_minus_red,Asia,Alaska,Midwest coyote,dhole,0.275022,0.04356,0.189644,0.360399,6.3136,2.7253908e-10,78771,38,False
algonquin_minus_red,Asia,Mexican,all coyotes,golden jackal,0.316845,0.043287,0.232002,0.401688,7.3196,2.4872347e-13,79454,38,False
algonquin_minus_red,Asia,Mexican,all coyotes,dhole,0.29226,0.042618,0.208729,0.375791,6.8577,6.9976826e-12,82187,38,False
algonquin_minus_red,Asia,Mexican,California coyote,golden jackal,0.312049,0.043803,0.226196,0.397903,7.124,1.0487358e-12,79293,38,False
algonquin_minus_red,Asia,Mexican,California coyote,dhole,0.276414,0.040423,0.197185,0.355644,6.838,8.0294264e-12,82012,38,False
algonquin_minus_red,Asia,Mexican,Alabama coyote,golden jackal,0.320897,0.043084,0.236453,0.405341,7.4482,9.4618816e-14,75998,38,False
algonquin_minus_red,Asia,Mexican,Alabama coyote,dhole,0.29754,0.045903,0.207571,0.38751,6.482,9.0525905e-11,78380,38,False
algonquin_minus_red,Asia,Mexican,Midwest coyote,golden jackal,0.331026,0.04728,0.238358,0.423694,7.0015,2.5331401e-12,77275,38,False
algonquin_minus_red,Asia,Mexican,Midwest coyote,dhole,0.321588,0.049439,0.224688,0.418488,6.5048,7.7817227e-11,79686,38,False
great_lakes_minus_red,all Eurasian,Yellowstone + Alaska,all coyotes,golden jackal,0.386702,0.043668,0.301113,0.472291,8.8555,8.3292352e-19,79802,38,True
great_lakes_minus_red,all Eurasian,Yellowstone + Alaska,all coyotes,dhole,0.366084,0.037183,0.293207,0.438962,9.8456,7.1605296e-23,82579,38,False
great_lakes_minus_red,all Eurasian,Yellowstone + Alaska,California coyote,golden jackal,0.384123,0.044833,0.296251,0.471995,8.5679,1.0535564e-17,79628,38,False
great_lakes_minus_red,all Eurasian,Yellowstone + Alaska,California coyote,dhole,0.352106,0.03634,0.28088,0.423332,9.6893,3.3485112e-22,82378,38,False
great_lakes_minus_red,all Eurasian,Yellowstone + Alaska,Alabama coyote,golden jackal,0.390997,0.04199,0.308696,0.473298,9.3116,1.2589822e-20,76248,38,False
great_lakes_minus_red,all Eurasian,Yellowstone + Alaska,Alabama coyote,dhole,0.374411,0.038638,0.29868,0.450142,9.6902,3.3202184e-22,78654,38,False
great_lakes_minus_red,all Eurasian,Yellowstone + Alaska,Midwest coyote,golden jackal,0.401329,0.050361,0.302622,0.500037,7.9691,1.5986214e-15,77556,38,False
great_lakes_minus_red,all Eurasian,Yellowstone + Alaska,Midwest coyote,dhole,0.398223,0.044408,0.311184,0.485262,8.9674,3.0354114e-19,79998,38,False
great_lakes_minus_red,all Eurasian,Yellowstone,all coyotes,golden jackal,0.387232,0.044419,0.300171,0.474293,8.7178,2.837758e-18,79777,38,False
great_lakes_minus_red,all Eurasian,Yellowstone,all coyotes,dhole,0.367365,0.037748,0.293378,0.441351,9.732,2.2026005e-22,82552,38,False
great_lakes_minus_red,all Eurasian,Yellowstone,California coyote,golden jackal,0.384501,0.045661,0.295007,0.473996,8.4209,3.7368319e-17,79606,38,False
great_lakes_minus_red,all Eurasian,Yellowstone,California coyote,dhole,0.353391,0.036907,0.281053,0.425729,9.5751,1.0173538e-21,82354,38,False
great_lakes_minus_red,all Eurasian,Yellowstone,Alabama coyote,golden jackal,0.392358,0.042466,0.309125,0.475591,9.2394,2.4791677e-20,76231,38,False
great_lakes_minus_red,all Eurasian,Yellowstone,Alabama coyote,dhole,0.376337,0.039297,0.299314,0.453359,9.5767,1.0021973e-21,78636,38,False
great_lakes_minus_red,all Eurasian,Yellowstone,Midwest coyote,golden jackal,0.401905,0.051107,0.301735,0.502074,7.864,3.7203909e-15,77540,38,False
great_lakes_minus_red,all Eurasian,Yellowstone,Midwest coyote,dhole,0.399964,0.045073,0.311621,0.488307,8.8737,7.0737989e-19,79978,38,False
great_lakes_minus_red,all Eurasian,Alaska,all coyotes,golden jackal,0.382606,0.045109,0.294192,0.47102,8.4818,2.2172599e-17,78548,38,False
great_lakes_minus_red,all Eurasian,Alaska,all coyotes,dhole,0.361765,0.037465,0.288333,0.435197,9.656,4.6343516e-22,81180,38,False
great_lakes_minus_red,all Eurasian,Alaska,California coyote,golden jackal,0.380146,0.045865,0.290251,0.470041,8.2884,1.1481982e-16,78407,38,False
great_lakes_minus_red,all Eurasian,Alaska,California coyote,dhole,0.347552,0.036372,0.276262,0.418841,9.5554,1.2307017e-21,81020,38,False
great_lakes_minus_red,all Eurasian,Alaska,Alabama coyote,golden jackal,0.386477,0.044213,0.299819,0.473136,8.7412,2.306773e-18,75203,38,False
great_lakes_minus_red,all Eurasian,Alaska,Alabama coyote,dhole,0.368013,0.038826,0.291914,0.444112,9.4785,2.5790192e-21,77505,38,False
great_lakes_minus_red,all Eurasian,Alaska,Midwest coyote,golden jackal,0.395896,0.051638,0.294684,0.497107,7.6667,1.7648578e-14,76473,38,False
great_lakes_minus_red,all Eurasian,Alaska,Midwest coyote,dhole,0.390819,0.044563,0.303475,0.478163,8.77,1.7867508e-18,78817,38,False
great_lakes_minus_red,all Eurasian,Mexican,all coyotes,golden jackal,0.435267,0.051997,0.333353,0.537181,8.371,5.7129628e-17,79624,38,False
great_lakes_minus_red,all Eurasian,Mexican,all coyotes,dhole,0.403849,0.04263,0.320293,0.487405,9.4733,2.712682e-21,82381,38,False
great_lakes_minus_red,all Eurasian,Mexican,California coyote,golden jackal,0.432893,0.053496,0.32804,0.537746,8.092,5.8680504e-16,79463,38,False
great_lakes_minus_red,all Eurasian,Mexican,California coyote,dhole,0.386112,0.040724,0.306293,0.46593,9.4813,2.5117718e-21,82204,38,False
great_lakes_minus_red,all Eurasian,Mexican,Alabama coyote,golden jackal,0.438871,0.050656,0.339586,0.538156,8.6638,4.5617645e-18,76120,38,False
great_lakes_minus_red,all Eurasian,Mexican,Alabama coyote,dhole,0.410199,0.0452,0.321606,0.498792,9.0751,1.1355937e-19,78514,38,False
great_lakes_minus_red,all Eurasian,Mexican,Midwest coyote,golden jackal,0.456881,0.060776,0.337759,0.576002,7.5174,5.5862071e-14,77417,38,False
great_lakes_minus_red,all Eurasian,Mexican,Midwest coyote,dhole,0.44441,0.051647,0.343181,0.545639,8.6047,7.6515138e-18,79846,38,False
great_lakes_minus_red,Europe,Yellowstone + Alaska,all coyotes,golden jackal,0.392838,0.044987,0.304663,0.481012,8.7323,2.4964374e-18,79778,38,False
great_lakes_minus_red,Europe,Yellowstone + Alaska,all coyotes,dhole,0.370614,0.037199,0.297705,0.443523,9.9631,2.2096234e-23,82534,38,False
great_lakes_minus_red,Europe,Yellowstone + Alaska,California coyote,golden jackal,0.389013,0.046224,0.298413,0.479612,8.4157,3.9042577e-17,79609,38,False
great_lakes_minus_red,Europe,Yellowstone + Alaska,California coyote,dhole,0.355509,0.036481,0.284007,0.427011,9.7451,1.9354578e-22,82338,38,False
great_lakes_minus_red,Europe,Yellowstone + Alaska,Alabama coyote,golden jackal,0.398499,0.043725,0.312798,0.4842,9.1138,7.9570017e-20,76234,38,False
great_lakes_minus_red,Europe,Yellowstone + Alaska,Alabama coyote,dhole,0.37961,0.038862,0.30344,0.45578,9.7681,1.5439055e-22,78626,38,False
great_lakes_minus_red,Europe,Yellowstone + Alaska,Midwest coyote,golden jackal,0.409994,0.051662,0.308736,0.511252,7.936,2.0873618e-15,77538,38,False
great_lakes_minus_red,Europe,Yellowstone + Alaska,Midwest coyote,dhole,0.406072,0.044032,0.319769,0.492375,9.2221,2.9123123e-20,79967,38,False
great_lakes_minus_red,Europe,Yellowstone,all coyotes,golden jackal,0.391902,0.045643,0.302442,0.481363,8.5862,8.9875126e-18,79754,38,False
great_lakes_minus_red,Europe,Yellowstone,all coyotes,dhole,0.370769,0.037385,0.297496,0.444043,9.9177,3.4861483e-23,82508,38,False
great_lakes_minus_red,Europe,Yellowstone,California coyote,golden jackal,0.387948,0.047039,0.295753,0.480144,8.2475,1.6180264e-16,79588,38,False
great_lakes_minus_red,Europe,Yellowstone,California coyote,dhole,0.355771,0.03679,0.283662,0.42788,9.6702,4.0353938e-22,82315,38,False
great_lakes_minus_red,Europe,Yellowstone,Alabama coyote,golden jackal,0.39839,0.044079,0.311995,0.484784,9.0381,1.594406e-19,76217,38,False
great_lakes_minus_red,Europe,Yellowstone,Alabama coyote,dhole,0.380362,0.039001,0.303919,0.456804,9.7525,1.7990559e-22,78608,38,False
great_lakes_minus_red,Europe,Yellowstone,Midwest coyote,golden jackal,0.40891,0.052154,0.306687,0.511132,7.8404,4.4921498e-15,77522,38,False
great_lakes_minus_red,Europe,Yellowstone,Midwest coyote,dhole,0.406505,0.044161,0.31995,0.493059,9.2051,3.412768e-20,79947,38,False
great_lakes_minus_red,Europe,Alaska,all coyotes,golden jackal,0.391567,0.047645,0.298182,0.484951,8.2184,2.06233e-16,78534,38,False
great_lakes_minus_red,Europe,Alaska,all coyotes,dhole,0.368657,0.03917,0.291883,0.44543,9.4116,4.8843117e-21,81146,38,False
great_lakes_minus_red,Europe,Alaska,California coyote,golden jackal,0.387548,0.048003,0.293462,0.481634,8.0734,6.8384881e-16,78396,38,False
great_lakes_minus_red,Europe,Alaska,California coyote,dhole,0.35294,0.037735,0.27898,0.4269,9.3532,8.5058096e-21,80991,38,False
great_lakes_minus_red,Europe,Alaska,Alabama coyote,golden jackal,0.397105,0.047392,0.304216,0.489994,8.3791,5.3333612e-17,75195,38,False
great_lakes_minus_red,Europe,Alaska,Alabama coyote,dhole,0.375547,0.041078,0.295033,0.45606,9.1422,6.119495e-20,77483,38,False
great_lakes_minus_red,Europe,Alaska,Midwest coyote,golden jackal,0.40814,0.054879,0.300577,0.515704,7.437,1.0296585e-13,76464,38,False
great_lakes_minus_red,Europe,Alaska,Midwest coyote,dhole,0.401475,0.046629,0.310083,0.492867,8.61,7.3033561e-18,78793,38,False
great_lakes_minus_red,Europe,Mexican,all coyotes,golden jackal,0.428967,0.056499,0.318229,0.539704,7.5925,3.1378904e-14,79601,38,False
great_lakes_minus_red,Europe,Mexican,all coyotes,dhole,0.397848,0.04403,0.311549,0.484148,9.0358,1.6282557e-19,82341,38,False
great_lakes_minus_red,Europe,Mexican,California coyote,golden jackal,0.425368,0.057455,0.312756,0.53798,7.4035,1.3264058e-13,79444,38,False
great_lakes_minus_red,Europe,Mexican,California coyote,dhole,0.37971,0.041846,0.297691,0.461728,9.0739,1.1480739e-19,82166,38,False
great_lakes_minus_red,Europe,Mexican,Alabama coyote,golden jackal,0.434197,0.055802,0.324826,0.543569,7.7811,7.1918153e-15,76104,38,False
great_lakes_minus_red,Europe,Mexican,Alabama coyote,dhole,0.404364,0.046365,0.313488,0.49524,8.7213,2.7511365e-18,78489,38,False
great_lakes_minus_red,Europe,Mexican,Midwest coyote,golden jackal,0.452504,0.065617,0.323895,0.581113,6.8962,5.3426742e-12,77396,38,False
great_lakes_minus_red,Europe,Mexican,Midwest coyote,dhole,0.439587,0.053073,0.335565,0.543609,8.2827,1.2036855e-16,79815,38,False
great_lakes_minus_red,Asia,Yellowstone + Alaska,all coyotes,golden jackal,0.399075,0.04711,0.30674,0.491411,8.4711,2.4306607e-17,79808,38,False
great_lakes_minus_red,Asia,Yellowstone + Alaska,all coyotes,dhole,0.374115,0.041324,0.29312,0.455111,9.0532,1.3885477e-19,82570,38,False
great_lakes_minus_red,Asia,Yellowstone + Alaska,California coyote,golden jackal,0.394428,0.048126,0.300102,0.488754,8.1958,2.4892277e-16,79634,38,False
great_lakes_minus_red,Asia,Yellowstone + Alaska,California coyote,dhole,0.358073,0.040177,0.279326,0.43682,8.9124,4.9932855e-19,82368,38,False
great_lakes_minus_red,Asia,Yellowstone + Alaska,Alabama coyote,golden jackal,0.404454,0.046443,0.313425,0.495483,8.7085,3.0781139e-18,76251,38,False
great_lakes_minus_red,Asia,Yellowstone + Alaska,Alabama coyote,dhole,0.384544,0.043579,0.29913,0.469958,8.8241,1.1030665e-18,78640,38,False
great_lakes_minus_red,Asia,Yellowstone + Alaska,Midwest coyote,golden jackal,0.413095,0.053213,0.308797,0.517393,7.763,8.2927512e-15,77558,38,False
great_lakes_minus_red,Asia,Yellowstone + Alaska,Midwest coyote,dhole,0.407221,0.048358,0.312439,0.502003,8.4209,3.7344914e-17,79985,38,False
great_lakes_minus_red,Asia,Yellowstone,all coyotes,golden jackal,0.399048,0.047642,0.305669,0.492426,8.3759,5.4791566e-17,79783,38,False
great_lakes_minus_red,Asia,Yellowstone,all coyotes,dhole,0.374795,0.04212,0.29224,0.457349,8.8984,5.6678884e-19,82544,38,False
great_lakes_minus_red,Asia,Yellowstone,California coyote,golden jackal,0.394267,0.048612,0.298987,0.489547,8.1105,5.0430649e-16,79612,38,False
great_lakes_minus_red,Asia,Yellowstone,California coyote,dhole,0.358789,0.04081,0.278803,0.438776,8.7918,1.4720292e-18,82345,38,False
great_lakes_minus_red,Asia,Yellowstone,Alabama coyote,golden jackal,0.405262,0.046677,0.313775,0.496748,8.6823,3.8778719e-18,76234,38,False
great_lakes_minus_red,Asia,Yellowstone,Alabama coyote,dhole,0.385876,0.044537,0.298583,0.473168,8.6641,4.5492273e-18,78623,38,False
great_lakes_minus_red,Asia,Yellowstone,Midwest coyote,golden jackal,0.413188,0.053942,0.307463,0.518914,7.6599,1.8603462e-14,77542,38,False
great_lakes_minus_red,Asia,Yellowstone,Midwest coyote,dhole,0.408485,0.049512,0.311441,0.505528,8.2502,1.5814191e-16,79966,38,False
great_lakes_minus_red,Asia,Alaska,all coyotes,golden jackal,0.398324,0.048871,0.302536,0.494112,8.1504,3.6259649e-16,78551,38,False
great_lakes_minus_red,Asia,Alaska,all coyotes,dhole,0.371893,0.040924,0.291683,0.452103,9.0875,1.0135461e-19,81187,38,False
great_lakes_minus_red,Asia,Alaska,California coyote,golden jackal,0.39374,0.049843,0.296049,0.491432,7.8997,2.7966628e-15,78410,38,False
great_lakes_minus_red,Asia,Alaska,California coyote,dhole,0.355483,0.039961,0.27716,0.433806,8.8958,5.8004163e-19,81026,38,False
great_lakes_minus_red,Asia,Alaska,Alabama coyote,golden jackal,0.40326,0.049088,0.307047,0.499472,8.215,2.121611e-16,75205,38,False
great_lakes_minus_red,Asia,Alaska,Alabama coyote,dhole,0.380852,0.042927,0.296714,0.464989,8.872,7.1848861e-19,77507,38,False
great_lakes_minus_red,Asia,Alaska,Midwest coyote,golden jackal,0.410522,0.05429,0.304114,0.51693,7.5617,3.9786757e-14,76474,38,False
great_lakes_minus_red,Asia,Alaska,Midwest coyote,dhole,0.401722,0.047151,0.309306,0.494137,8.5199,1.5963913e-17,78820,38,False
great_lakes_minus_red,Asia,Mexican,all coyotes,golden jackal,0.462853,0.051678,0.361563,0.564142,8.9564,3.3533977e-19,79628,38,False
great_lakes_minus_red,Asia,Mexican,all coyotes,dhole,0.424023,0.046729,0.332434,0.515612,9.074,1.1467826e-19,82372,38,False
great_lakes_minus_red,Asia,Mexican,California coyote,golden jackal,0.457104,0.053599,0.352051,0.562158,8.5283,1.4857678e-17,79468,38,False
great_lakes_minus_red,Asia,Mexican,California coyote,dhole,0.402632,0.044425,0.315558,0.489706,9.0631,1.2679388e-19,82195,38,False
great_lakes_minus_red,Asia,Mexican,Alabama coyote,golden jackal,0.467519,0.051164,0.367237,0.567801,9.1376,6.3843551e-20,76122,38,False
great_lakes_minus_red,Asia,Mexican,Alabama coyote,dhole,0.433162,0.050691,0.333807,0.532517,8.5451,1.2843654e-17,78500,38,False
great_lakes_minus_red,Asia,Mexican,Midwest coyote,golden jackal,0.484464,0.059617,0.367614,0.601314,8.1262,4.4289741e-16,77419,38,False
great_lakes_minus_red,Asia,Mexican,Midwest coyote,dhole,0.46708,0.055335,0.358623,0.575537,8.4409,3.1486161e-17,79832,38,False
great_lakes_minus_algonquin_13467,all Eurasian,Yellowstone + Alaska,all coyotes,golden jackal,0.133078,0.035193,0.0641,0.202055,3.7814,0.00015594637,75863,38,True
great_lakes_minus_algonquin_13467,all Eurasian,Yellowstone + Alaska,all coyotes,dhole,0.129803,0.033023,0.065078,0.194528,3.9307,8.4694525e-05,78575,38,False
great_lakes_minus_algonquin_13467,all Eurasian,Yellowstone + Alaska,California coyote,golden jackal,0.132667,0.035255,0.063568,0.201766,3.7631,0.00016780757,75712,38,False
great_lakes_minus_algonquin_13467,all Eurasian,Yellowstone + Alaska,California coyote,dhole,0.126774,0.031675,0.06469,0.188857,4.0023,6.272993e-05,78395,38,False
great_lakes_minus_algonquin_13467,all Eurasian,Yellowstone + Alaska,Alabama coyote,golden jackal,0.134083,0.035059,0.065367,0.2028,3.8245,0.00013105612,72639,38,False
great_lakes_minus_algonquin_13467,all Eurasian,Yellowstone + Alaska,Alabama coyote,dhole,0.13522,0.03409,0.068403,0.202037,3.9665,7.2930463e-05,75007,38,False
great_lakes_minus_algonquin_13467,all Eurasian,Yellowstone + Alaska,Midwest coyote,golden jackal,0.135749,0.038706,0.059886,0.211612,3.5072,0.00045283726,73834,38,False
great_lakes_minus_algonquin_13467,all Eurasian,Yellowstone + Alaska,Midwest coyote,dhole,0.140606,0.037583,0.066942,0.214269,3.7412,0.00018317378,76210,38,False
great_lakes_minus_algonquin_13467,all Eurasian,Yellowstone,all coyotes,golden jackal,0.133315,0.035515,0.063705,0.202924,3.7538,0.00017419694,75837,38,False
great_lakes_minus_algonquin_13467,all Eurasian,Yellowstone,all coyotes,dhole,0.130339,0.033258,0.065154,0.195525,3.919,8.8904871e-05,78552,38,False
great_lakes_minus_algonquin_13467,all Eurasian,Yellowstone,California coyote,golden jackal,0.132895,0.035601,0.063116,0.202674,3.7329,0.00018931479,75689,38,False
great_lakes_minus_algonquin_13467,all Eurasian,Yellowstone,California coyote,dhole,0.127292,0.031911,0.064747,0.189837,3.989,6.6344643e-05,78375,38,False
great_lakes_minus_algonquin_13467,all Eurasian,Yellowstone,Alabama coyote,golden jackal,0.134582,0.035489,0.065023,0.20414,3.7922,0.00014932463,72620,38,False
great_lakes_minus_algonquin_13467,all Eurasian,Yellowstone,Alabama coyote,dhole,0.135875,0.034391,0.068468,0.203282,3.9509,7.7870141e-05,74993,38,False
great_lakes_minus_algonquin_13467,all Eurasian,Yellowstone,Midwest coyote,golden jackal,0.135712,0.039046,0.059181,0.212242,3.4757,0.00050956684,73818,38,False
great_lakes_minus_algonquin_13467,all Eurasian,Yellowstone,Midwest coyote,dhole,0.141217,0.037871,0.06699,0.215445,3.7289,0.0001923303,76195,38,False
great_lakes_minus_algonquin_13467,all Eurasian,Alaska,all coyotes,golden jackal,0.12911,0.035228,0.060064,0.198156,3.665,0.00024731009,74854,38,False
great_lakes_minus_algonquin_13467,all Eurasian,Alaska,all coyotes,dhole,0.126238,0.033214,0.061139,0.191336,3.8008,0.00014423796,77453,38,False
great_lakes_minus_algonquin_13467,all Eurasian,Alaska,California coyote,golden jackal,0.128642,0.034958,0.060125,0.197158,3.6799,0.0002332907,74726,38,False
great_lakes_minus_algonquin_13467,all Eurasian,Alaska,California coyote,dhole,0.123709,0.031769,0.061441,0.185976,3.894,9.8601698e-05,77307,38,False
great_lakes_minus_algonquin_13467,all Eurasian,Alaska,Alabama coyote,golden jackal,0.130445,0.034752,0.062331,0.198559,3.7536,0.00017432594,71768,38,False
great_lakes_minus_algonquin_13467,all Eurasian,Alaska,Alabama coyote,dhole,0.131688,0.034126,0.064801,0.198574,3.8589,0.00011389226,74044,38,False
great_lakes_minus_algonquin_13467,all Eurasian,Alaska,Midwest coyote,golden jackal,0.13198,0.038295,0.056921,0.207039,3.4464,0.00056817646,72939,38,False
great_lakes_minus_algonquin_13467,all Eurasian,Alaska,Midwest coyote,dhole,0.136884,0.037286,0.063804,0.209964,3.6712,0.00024139041,75237,38,False
great_lakes_minus_algonquin_13467,all Eurasian,Mexican,all coyotes,golden jackal,0.14972,0.04225,0.066911,0.23253,3.5437,0.00039453587,75713,38,False
great_lakes_minus_algonquin_13467,all Eurasian,Mexican,all coyotes,dhole,0.143624,0.03812,0.068909,0.21834,3.7677,0.00016477776,78410,38,False
great_lakes_minus_algonquin_13467,all Eurasian,Mexican,California coyote,golden jackal,0.149811,0.042357,0.066792,0.23283,3.5369,0.0004048594,75575,38,False
great_lakes_minus_algonquin_13467,all Eurasian,Mexican,California coyote,dhole,0.139281,0.036257,0.068217,0.210346,3.8414,0.00012231084,78251,38,False
great_lakes_minus_algonquin_13467,all Eurasian,Mexican,Alabama coyote,golden jackal,0.149469,0.041792,0.067556,0.231382,3.5765,0.00034826406,72524,38,False
great_lakes_minus_algonquin_13467,all Eurasian,Mexican,Alabama coyote,dhole,0.147514,0.039008,0.071058,0.22397,3.7816,0.00015579925,74886,38,False
great_lakes_minus_algonquin_13467,all Eurasian,Mexican,Midwest coyote,golden jackal,0.155307,0.047322,0.062556,0.248059,3.2819,0.0010310697,73710,38,False
great_lakes_minus_algonquin_13467,all Eurasian,Mexican,Midwest coyote,dhole,0.157728,0.044385,0.070734,0.244722,3.5536,0.00037992714,76080,38,False
great_lakes_minus_algonquin_13467,Europe,Yellowstone + Alaska,all coyotes,golden jackal,0.13313,0.036569,0.061454,0.204806,3.6405,0.00027212182,75840,38,False
great_lakes_minus_algonquin_13467,Europe,Yellowstone + Alaska,all coyotes,dhole,0.131139,0.035634,0.061297,0.200981,3.6802,0.00023305686,78534,38,False
great_lakes_minus_algonquin_13467,Europe,Yellowstone + Alaska,California coyote,golden jackal,0.132321,0.036278,0.061216,0.203425,3.6474,0.00026486794,75696,38,False
great_lakes_minus_algonquin_13467,Europe,Yellowstone + Alaska,California coyote,dhole,0.127726,0.03415,0.060791,0.19466,3.7401,0.00018394937,78359,38,False
great_lakes_minus_algonquin_13467,Europe,Yellowstone + Alaska,Alabama coyote,golden jackal,0.133579,0.036686,0.061674,0.205484,3.6411,0.00027147212,72626,38,False
great_lakes_minus_algonquin_13467,Europe,Yellowstone + Alaska,Alabama coyote,dhole,0.134295,0.036425,0.062901,0.205688,3.6869,0.00022703392,74983,38,False
great_lakes_minus_algonquin_13467,Europe,Yellowstone + Alaska,Midwest coyote,golden jackal,0.136286,0.040717,0.05648,0.216092,3.3471,0.0008165326,73820,38,False
great_lakes_minus_algonquin_13467,Europe,Yellowstone + Alaska,Midwest coyote,dhole,0.142527,0.040611,0.062929,0.222125,3.5096,0.00044886321,76183,38,False
great_lakes_minus_algonquin_13467,Europe,Yellowstone,all coyotes,golden jackal,0.132708,0.036762,0.060655,0.204762,3.6099,0.00030628199,75816,38,False
great_lakes_minus_algonquin_13467,Europe,Yellowstone,all coyotes,dhole,0.131174,0.035649,0.061302,0.201046,3.6796,0.00023362074,78512,38,False
great_lakes_minus_algonquin_13467,Europe,Yellowstone,California coyote,golden jackal,0.131899,0.036505,0.060348,0.203449,3.6131,0.00030251,75674,38,False
great_lakes_minus_algonquin_13467,Europe,Yellowstone,California coyote,dhole,0.127791,0.0342,0.060759,0.194823,3.7366,0.00018654338,78340,38,False
great_lakes_minus_algonquin_13467,Europe,Yellowstone,Alabama coyote,golden jackal,0.133415,0.036967,0.06096,0.205871,3.609,0.00030735236,72608,38,False
great_lakes_minus_algonquin_13467,Europe,Yellowstone,Alabama coyote,dhole,0.134502,0.036505,0.062953,0.206051,3.6845,0.0002291167,74969,38,False
great_lakes_minus_algonquin_13467,Europe,Yellowstone,Midwest coyote,golden jackal,0.13566,0.040846,0.055602,0.215718,3.3212,0.00089615599,73805,38,False
great_lakes_minus_algonquin_13467,Europe,Yellowstone,Midwest coyote,dhole,0.142659,0.040618,0.063047,0.222271,3.5122,0.00044443125,76168,38,False
great_lakes_minus_algonquin_13467,Europe,Alaska,all coyotes,golden jackal,0.128836,0.037161,0.056,0.201671,3.467,0.00052638226,74835,38,False
great_lakes_minus_algonquin_13467,Europe,Alaska,all coyotes,dhole,0.127011,0.036548,0.055378,0.198644,3.4752,0.0005104399,77416,38,False
great_lakes_minus_algonquin_13467,Europe,Alaska,California coyote,golden jackal,0.127585,0.036464,0.056116,0.199053,3.4989,0.00046710478,74712,38,False
great_lakes_minus_algonquin_13467,Europe,Alaska,California coyote,dhole,0.123986,0.034872,0.055637,0.192336,3.5554,0.00037734101,77275,38,False
great_lakes_minus_algonquin_13467,Europe,Alaska,Alabama coyote,golden jackal,0.129461,0.037027,0.056889,0.202034,3.4964,0.00047152122,71758,38,False
great_lakes_minus_algonquin_13467,Europe,Alaska,Alabama coyote,dhole,0.130343,0.037209,0.057414,0.203272,3.503,0.00045997291,74022,38,False
great_lakes_minus_algonquin_13467,Europe,Alaska,Midwest coyote,golden jackal,0.13238,0.041213,0.051602,0.213159,3.2121,0.0013177631,72928,38,False
great_lakes_minus_algonquin_13467,Europe,Alaska,Midwest coyote,dhole,0.138416,0.041301,0.057466,0.219366,3.3514,0.00080401296,75213,38,False
great_lakes_minus_algonquin_13467,Europe,Mexican,all coyotes,golden jackal,0.145348,0.043359,0.060364,0.230333,3.3522,0.00080178028,75697,38,False
great_lakes_minus_algonquin_13467,Europe,Mexican,all coyotes,dhole,0.141227,0.040277,0.062285,0.220169,3.5064,0.00045417199,78376,38,False
great_lakes_minus_algonquin_13467,Europe,Mexican,California coyote,golden jackal,0.144859,0.042969,0.06064,0.229077,3.3713,0.00074823062,75561,38,False
great_lakes_minus_algonquin_13467,Europe,Mexican,California coyote,dhole,0.136771,0.038251,0.061799,0.211743,3.5756,0.00034940912,78219,38,False
great_lakes_minus_algonquin_13467,Europe,Mexican,Alabama coyote,golden jackal,0.14458,0.04314,0.060025,0.229134,3.3514,0.00080403781,72515,38,False
great_lakes_minus_algonquin_13467,Europe,Mexican,Alabama coyote,dhole,0.142542,0.040623,0.06292,0.222164,3.5089,0.0004500275,74868,38,False
great_lakes_minus_algonquin_13467,Europe,Mexican,Midwest coyote,golden jackal,0.151376,0.04921,0.054924,0.247828,3.0761,0.0020971895,73699,38,False
great_lakes_minus_algonquin_13467,Europe,Mexican,Midwest coyote,dhole,0.1551,0.046777,0.063417,0.246782,3.3157,0.00091400396,76056,38,False
great_lakes_minus_algonquin_13467,Asia,Yellowstone + Alaska,all coyotes,golden jackal,0.154512,0.036643,0.082691,0.226333,4.2167,2.4795691e-05,75866,38,False
great_lakes_minus_algonquin_13467,Asia,Yellowstone + Alaska,all coyotes,dhole,0.146107,0.034691,0.078113,0.214101,4.2117,2.5346318e-05,78567,38,False
great_lakes_minus_algonquin_13467,Asia,Yellowstone + Alaska,California coyote,golden jackal,0.153349,0.036703,0.081412,0.225287,4.1781,2.9389673e-05,75715,38,False
great_lakes_minus_algonquin_13467,Asia,Yellowstone + Alaska,California coyote,dhole,0.14174,0.033332,0.07641,0.207071,4.2524,2.1150905e-05,78385,38,False
great_lakes_minus_algonquin_13467,Asia,Yellowstone + Alaska,Alabama coyote,golden jackal,0.155948,0.036661,0.084092,0.227804,4.2538,2.1020851e-05,72641,38,False
great_lakes_minus_algonquin_13467,Asia,Yellowstone + Alaska,Alabama coyote,dhole,0.154178,0.035943,0.08373,0.224627,4.2895,1.7906944e-05,74996,38,False
great_lakes_minus_algonquin_13467,Asia,Yellowstone + Alaska,Midwest coyote,golden jackal,0.157594,0.039125,0.08091,0.234279,4.028,5.6251142e-05,73835,38,False
great_lakes_minus_algonquin_13467,Asia,Yellowstone + Alaska,Midwest coyote,dhole,0.157956,0.039207,0.08111,0.234803,4.0287,5.6075659e-05,76202,38,False
great_lakes_minus_algonquin_13467,Asia,Yellowstone,all coyotes,golden jackal,0.154618,0.036691,0.082705,0.226532,4.2141,2.5075685e-05,75840,38,False
great_lakes_minus_algonquin_13467,Asia,Yellowstone,all coyotes,dhole,0.146591,0.035005,0.077982,0.215201,4.1877,2.8174583e-05,78544,38,False
great_lakes_minus_algonquin_13467,Asia,Yellowstone,California coyote,golden jackal,0.153443,0.036758,0.081396,0.225489,4.1744,2.9883423e-05,75692,38,False
great_lakes_minus_algonquin_13467,Asia,Yellowstone,California coyote,dhole,0.1422,0.033601,0.076343,0.208057,4.2321,2.315481e-05,78365,38,False
great_lakes_minus_algonquin_13467,Asia,Yellowstone,Alabama coyote,golden jackal,0.156518,0.036818,0.084355,0.228681,4.2511,2.1268779e-05,72622,38,False
great_lakes_minus_algonquin_13467,Asia,Yellowstone,Alabama coyote,dhole,0.154772,0.036347,0.083532,0.226013,4.2582,2.061232e-05,74982,38,False
great_lakes_minus_algonquin_13467,Asia,Yellowstone,Midwest coyote,golden jackal,0.157641,0.039268,0.080676,0.234605,4.0145,5.9567198e-05,73819,38,False
great_lakes_minus_algonquin_13467,Asia,Yellowstone,Midwest coyote,dhole,0.158569,0.039671,0.080814,0.236323,3.9971,6.412121e-05,76187,38,False
great_lakes_minus_algonquin_13467,Asia,Alaska,all coyotes,golden jackal,0.152939,0.036778,0.080855,0.225023,4.1585,3.2037522e-05,74857,38,False
great_lakes_minus_algonquin_13467,Asia,Alaska,all coyotes,dhole,0.143694,0.034465,0.076142,0.211245,4.1693,3.0557916e-05,77456,38,False
great_lakes_minus_algonquin_13467,Asia,Alaska,California coyote,golden jackal,0.151791,0.036596,0.080063,0.22352,4.1477,3.3577506e-05,74729,38,False
great_lakes_minus_algonquin_13467,Asia,Alaska,California coyote,dhole,0.140076,0.033064,0.07527,0.204882,4.2365,2.2705214e-05,77309,38,False
great_lakes_minus_algonquin_13467,Asia,Alaska,Alabama coyote,golden jackal,0.15488,0.036622,0.0831,0.226659,4.2291,2.3459255e-05,71770,38,False
great_lakes_minus_algonquin_13467,Asia,Alaska,Alabama coyote,dhole,0.152745,0.035483,0.083198,0.222292,4.3047,1.6718657e-05,74045,38,False
great_lakes_minus_algonquin_13467,Asia,Alaska,Midwest coyote,golden jackal,0.156061,0.038724,0.080162,0.23196,4.0301,5.5761557e-05,72940,38,False
great_lakes_minus_algonquin_13467,Asia,Alaska,Midwest coyote,dhole,0.155667,0.038139,0.080915,0.230419,4.0816,4.4730838e-05,75239,38,False
great_lakes_minus_algonquin_13467,Asia,Mexican,all coyotes,golden jackal,0.178987,0.043513,0.093702,0.264271,4.1134,3.8980135e-05,75715,38,False
great_lakes_minus_algonquin_13467,Asia,Mexican,all coyotes,dhole,0.165724,0.040814,0.085728,0.245719,4.0605,4.8973879e-05,78403,38,False
great_lakes_minus_algonquin_13467,Asia,Mexican,California coyote,golden jackal,0.178003,0.04366,0.09243,0.263576,4.077,4.5613283e-05,75578,38,False
great_lakes_minus_algonquin_13467,Asia,Mexican,California coyote,dhole,0.15938,0.03871,0.083509,0.235252,4.1173,3.8331822e-05,78243,38,False
great_lakes_minus_algonquin_13467,Asia,Mexican,Alabama coyote,golden jackal,0.179167,0.043408,0.094087,0.264246,4.1275,3.6669155e-05,72525,38,False
great_lakes_minus_algonquin_13467,Asia,Mexican,Alabama coyote,dhole,0.172516,0.042226,0.089753,0.255279,4.0855,4.3978986e-05,74875,38,False
great_lakes_minus_algonquin_13467,Asia,Mexican,Midwest coyote,golden jackal,0.185571,0.047386,0.092695,0.278447,3.9162,8.9965e-05,73711,38,False
great_lakes_minus_algonquin_13467,Asia,Mexican,Midwest coyote,dhole,0.181847,0.047324,0.089091,0.274603,3.8426,0.00012175547,76071,38,False
algonquin_13467_minus_red,all Eurasian,Yellowstone + Alaska,all coyotes,golden jackal,0.246368,0.037755,0.172368,0.320367,6.5254,6.7801856e-11,75763,38,True
algonquin_13467_minus_red,all Eurasian,Yellowstone + Alaska,all coyotes,dhole,0.230728,0.035371,0.161401,0.300055,6.5231,6.886695e-11,78434,38,False
algonquin_13467_minus_red,all Eurasian,Yellowstone + Alaska,California coyote,golden jackal,0.243828,0.038483,0.1684,0.319255,6.3359,2.3591705e-10,75626,38,False
algonquin_13467_minus_red,all Eurasian,Yellowstone + Alaska,California coyote,dhole,0.221898,0.034907,0.153481,0.290316,6.3569,2.0592315e-10,78277,38,False
algonquin_13467_minus_red,all Eurasian,Yellowstone + Alaska,Alabama coyote,golden jackal,0.250539,0.038324,0.175424,0.325655,6.5373,6.2623967e-11,72582,38,False
algonquin_13467_minus_red,all Eurasian,Yellowstone + Alaska,Alabama coyote,dhole,0.233091,0.036464,0.161622,0.30456,6.3924,1.6329888e-10,74929,38,False
algonquin_13467_minus_red,all Eurasian,Yellowstone + Alaska,Midwest coyote,golden jackal,0.257374,0.039341,0.180266,0.334483,6.5421,6.0649491e-11,73763,38,False
algonquin_13467_minus_red,all Eurasian,Yellowstone + Alaska,Midwest coyote,dhole,0.251643,0.03957,0.174086,0.329199,6.3595,2.024526e-10,76128,38,False
algonquin_13467_minus_red,all Eurasian,Yellowstone,all coyotes,golden jackal,0.246859,0.037967,0.172443,0.321275,6.5019,7.9317917e-11,75742,38,False
algonquin_13467_minus_red,all Eurasian,Yellowstone,all coyotes,dhole,0.23207,0.035549,0.162395,0.301745,6.5283,6.6534208e-11,78412,38,False
algonquin_13467_minus_red,all Eurasian,Yellowstone,California coyote,golden jackal,0.244297,0.038749,0.168348,0.320245,6.3046,2.8897976e-10,75607,38,False
algonquin_13467_minus_red,all Eurasian,Yellowstone,California coyote,dhole,0.223196,0.035117,0.154366,0.292026,6.3557,2.0745017e-10,78258,38,False
algonquin_13467_minus_red,all Eurasian,Yellowstone,Alabama coyote,golden jackal,0.251972,0.038409,0.17669,0.327254,6.5602,5.3736485e-11,72568,38,False
algonquin_13467_minus_red,all Eurasian,Yellowstone,Alabama coyote,dhole,0.234549,0.036663,0.16269,0.306408,6.3975,1.5796382e-10,74917,38,False
algonquin_13467_minus_red,all Eurasian,Yellowstone,Midwest coyote,golden jackal,0.258193,0.039502,0.18077,0.335616,6.5362,6.3081911e-11,73750,38,False
algonquin_13467_minus_red,all Eurasian,Yellowstone,Midwest coyote,dhole,0.253443,0.039794,0.175448,0.331438,6.3689,1.9032708e-10,76112,38,False
algonquin_13467_minus_red,all Eurasian,Alaska,all coyotes,golden jackal,0.244925,0.038812,0.168854,0.320996,6.3106,2.7792823e-10,74767,38,False
algonquin_13467_minus_red,all Eurasian,Alaska,all coyotes,dhole,0.228606,0.035014,0.159979,0.297234,6.529,6.6227e-11,77330,38,False
algonquin_13467_minus_red,all Eurasian,Alaska,California coyote,golden jackal,0.242702,0.039228,0.165815,0.319589,6.1869,6.1347347e-10,74650,38,False
algonquin_13467_minus_red,all Eurasian,Alaska,California coyote,dhole,0.219377,0.034331,0.152089,0.286665,6.3901,1.6574758e-10,77199,38,False
algonquin_13467_minus_red,all Eurasian,Alaska,Alabama coyote,golden jackal,0.248147,0.039834,0.170073,0.326221,6.2296,4.6767122e-10,71717,38,False
algonquin_13467_minus_red,all Eurasian,Alaska,Alabama coyote,dhole,0.229298,0.036311,0.158128,0.300468,6.3148,2.7048211e-10,73976,38,False
algonquin_13467_minus_red,all Eurasian,Alaska,Midwest coyote,golden jackal,0.255149,0.040478,0.175811,0.334486,6.3033,2.91348e-10,72877,38,False
algonquin_13467_minus_red,all Eurasian,Alaska,Midwest coyote,dhole,0.246743,0.039393,0.169533,0.323952,6.2637,3.759975e-10,75168,38,False
algonquin_13467_minus_red,all Eurasian,Mexican,all coyotes,golden jackal,0.281443,0.041599,0.199908,0.362977,6.7656,1.3275628e-11,75621,38,False
algonquin_13467_minus_red,all Eurasian,Mexican,all coyotes,dhole,0.256524,0.037644,0.182742,0.330306,6.8145,9.4593485e-12,78274,38,False
algonquin_13467_minus_red,all Eurasian,Mexican,California coyote,golden jackal,0.27868,0.04261,0.195165,0.362196,6.5402,6.1418152e-11,75493,38,False
algonquin_13467_minus_red,all Eurasian,Mexican,California coyote,dhole,0.245639,0.036925,0.173265,0.318012,6.6523,2.885026e-11,78133,38,False
algonquin_13467_minus_red,all Eurasian,Mexican,Alabama coyote,golden jackal,0.286072,0.042523,0.202727,0.369417,6.7275,1.7261432e-11,72472,38,False
algonquin_13467_minus_red,all Eurasian,Mexican,Alabama coyote,dhole,0.258122,0.039743,0.180226,0.336019,6.4948,8.3154405e-11,74808,38,False
algonquin_13467_minus_red,all Eurasian,Mexican,Midwest coyote,golden jackal,0.297061,0.043423,0.211952,0.382169,6.8411,7.8582601e-12,73647,38,False
algonquin_13467_minus_red,all Eurasian,Mexican,Midwest coyote,dhole,0.283389,0.042606,0.199881,0.366897,6.6514,2.9040653e-11,76005,38,False
algonquin_13467_minus_red,Europe,Yellowstone + Alaska,all coyotes,golden jackal,0.252979,0.038185,0.178137,0.327822,6.6251,3.4706451e-11,75749,38,False
algonquin_13467_minus_red,Europe,Yellowstone + Alaska,all coyotes,dhole,0.235812,0.033917,0.169334,0.302289,6.9526,3.5862464e-12,78399,38,False
algonquin_13467_minus_red,Europe,Yellowstone + Alaska,California coyote,golden jackal,0.249808,0.039247,0.172883,0.326732,6.3649,1.953588e-10,75615,38,False
algonquin_13467_minus_red,Europe,Yellowstone + Alaska,California coyote,dhole,0.226294,0.033583,0.160472,0.292117,6.7383,1.6020656e-11,78246,38,False
algonquin_13467_minus_red,Europe,Yellowstone + Alaska,Alabama coyote,golden jackal,0.259628,0.0389,0.183384,0.335872,6.6742,2.4854613e-11,72573,38,False
algonquin_13467_minus_red,Europe,Yellowstone + Alaska,Alabama coyote,dhole,0.240442,0.034722,0.172386,0.308497,6.9247,4.3684643e-12,74909,38,False
algonquin_13467_minus_red,Europe,Yellowstone + Alaska,Midwest coyote,golden jackal,0.266952,0.039987,0.188578,0.345326,6.676,2.4551098e-11,73753,38,False
algonquin_13467_minus_red,Europe,Yellowstone + Alaska,Midwest coyote,dhole,0.259991,0.038289,0.184945,0.335038,6.7903,1.1191861e-11,76104,38,False
algonquin_13467_minus_red,Europe,Yellowstone,all coyotes,golden jackal,0.252517,0.038144,0.177755,0.32728,6.6201,3.5901236e-11,75729,38,False
algonquin_13467_minus_red,Europe,Yellowstone,all coyotes,dhole,0.236437,0.033941,0.169912,0.302962,6.9661,3.2592448e-12,78378,38,False
algonquin_13467_minus_red,Europe,Yellowstone,California coyote,golden jackal,0.249339,0.039326,0.17226,0.326418,6.3403,2.2932792e-10,75597,38,False
algonquin_13467_minus_red,Europe,Yellowstone,California coyote,dhole,0.226937,0.033697,0.160891,0.292983,6.7347,1.6430193e-11,78228,38,False
algonquin_13467_minus_red,Europe,Yellowstone,Alabama coyote,golden jackal,0.260181,0.038771,0.18419,0.336172,6.7107,1.936409e-11,72559,38,False
algonquin_13467_minus_red,Europe,Yellowstone,Alabama coyote,dhole,0.241114,0.034705,0.173092,0.309136,6.9475,3.7172381e-12,74897,38,False
algonquin_13467_minus_red,Europe,Yellowstone,Midwest coyote,golden jackal,0.266558,0.039851,0.188451,0.344665,6.6889,2.2479445e-11,73740,38,False
algonquin_13467_minus_red,Europe,Yellowstone,Midwest coyote,dhole,0.260886,0.038305,0.185809,0.335963,6.8108,9.704475e-12,76088,38,False
algonquin_13467_minus_red,Europe,Alaska,all coyotes,golden jackal,0.255606,0.040666,0.175902,0.33531,6.2856,3.2665569e-10,74755,38,False
algonquin_13467_minus_red,Europe,Alaska,all coyotes,dhole,0.236887,0.034554,0.169162,0.304612,6.8556,7.1001685e-12,77300,38,False
algonquin_13467_minus_red,Europe,Alaska,California coyote,golden jackal,0.252524,0.041101,0.171966,0.333082,6.144,8.0471492e-10,74641,38,False
algonquin_13467_minus_red,Europe,Alaska,California coyote,dhole,0.226671,0.033764,0.160493,0.292849,6.7134,1.9018896e-11,77173,38,False
algonquin_13467_minus_red,Europe,Alaska,Alabama coyote,golden jackal,0.261256,0.041795,0.179339,0.343173,6.251,4.0794801e-10,71710,38,False
algonquin_13467_minus_red,Europe,Alaska,Alabama coyote,dhole,0.23953,0.035728,0.169503,0.309558,6.7042,2.024927e-11,73958,38,False
algonquin_13467_minus_red,Europe,Alaska,Midwest coyote,golden jackal,0.269256,0.043,0.184977,0.353535,6.2618,3.8045061e-10,72869,38,False
algonquin_13467_minus_red,Europe,Alaska,Midwest coyote,dhole,0.258705,0.039474,0.181335,0.336075,6.5537,5.6114706e-11,75147,38,False
algonquin_13467_minus_red,Europe,Mexican,all coyotes,golden jackal,0.280584,0.043327,0.195663,0.365506,6.4759,9.42254e-11,75609,38,False
algonquin_13467_minus_red,Europe,Mexican,all coyotes,dhole,0.255261,0.036626,0.183475,0.327047,6.9695,3.180854e-12,78245,38,False
algonquin_13467_minus_red,Europe,Mexican,California coyote,golden jackal,0.277151,0.044437,0.190054,0.364247,6.2369,4.4622098e-10,75483,38,False
algonquin_13467_minus_red,Europe,Mexican,California coyote,dhole,0.244073,0.03587,0.173768,0.314378,6.8044,1.014692e-11,78106,38,False
algonquin_13467_minus_red,Europe,Mexican,Alabama coyote,golden jackal,0.28801,0.044485,0.20082,0.3752,6.4744,9.5211658e-11,72464,38,False
algonquin_13467_minus_red,Europe,Mexican,Alabama coyote,dhole,0.258848,0.038225,0.183927,0.333769,6.7717,1.2725403e-11,74792,38,False
algonquin_13467_minus_red,Europe,Mexican,Midwest coyote,golden jackal,0.29886,0.045744,0.209201,0.388519,6.5333,6.4356368e-11,73637,38,False
algonquin_13467_minus_red,Europe,Mexican,Midwest coyote,dhole,0.284141,0.041999,0.201822,0.366459,6.7654,1.3294737e-11,75983,38,False
algonquin_13467_minus_red,Asia,Yellowstone + Alaska,all coyotes,golden jackal,0.237596,0.040695,0.157833,0.317358,5.8384,5.2700894e-09,75766,38,False
algonquin_13467_minus_red,Asia,Yellowstone + Alaska,all coyotes,dhole,0.221605,0.040571,0.142086,0.301124,5.4622,4.7037508e-08,78428,38,False
algonquin_13467_minus_red,Asia,Yellowstone + Alaska,California coyote,golden jackal,0.233274,0.040865,0.153179,0.313369,5.7084,1.1401752e-08,75629,38,False
algonquin_13467_minus_red,Asia,Yellowstone + Alaska,California coyote,dhole,0.211635,0.039471,0.134272,0.288997,5.3618,8.2385874e-08,78270,38,False
algonquin_13467_minus_red,Asia,Yellowstone + Alaska,Alabama coyote,golden jackal,0.242147,0.041796,0.160226,0.324068,5.7935,6.8943188e-09,72584,38,False
algonquin_13467_minus_red,Asia,Yellowstone + Alaska,Alabama coyote,dhole,0.22327,0.043014,0.138963,0.307578,5.1906,2.095833e-07,74920,38,False
algonquin_13467_minus_red,Asia,Yellowstone + Alaska,Midwest coyote,golden jackal,0.246553,0.041811,0.164604,0.328502,5.8969,3.7036722e-09,73764,38,False
algonquin_13467_minus_red,Asia,Yellowstone + Alaska,Midwest coyote,dhole,0.241706,0.045162,0.153187,0.330224,5.3519,8.7025174e-08,76122,38,False
algonquin_13467_minus_red,Asia,Yellowstone,all coyotes,golden jackal,0.237706,0.041169,0.157015,0.318396,5.7739,7.7444941e-09,75745,38,False
algonquin_13467_minus_red,Asia,Yellowstone,all coyotes,dhole,0.222343,0.040804,0.142367,0.302319,5.449,5.0643424e-08,78405,38,False
algonquin_13467_minus_red,Asia,Yellowstone,California coyote,golden jackal,0.233361,0.04131,0.152393,0.31433,5.649,1.6141804e-08,75610,38,False
algonquin_13467_minus_red,Asia,Yellowstone,California coyote,dhole,0.212356,0.039668,0.134608,0.290105,5.3534,8.6322429e-08,78251,38,False
algonquin_13467_minus_red,Asia,Yellowstone,Alabama coyote,golden jackal,0.243036,0.042184,0.160355,0.325717,5.7613,8.3476451e-09,72570,38,False
algonquin_13467_minus_red,Asia,Yellowstone,Alabama coyote,dhole,0.224133,0.043258,0.139348,0.308918,5.1813,2.2029272e-07,74908,38,False
algonquin_13467_minus_red,Asia,Yellowstone,Midwest coyote,golden jackal,0.246775,0.042321,0.163825,0.329725,5.831,5.509751e-09,73751,38,False
algonquin_13467_minus_red,Asia,Yellowstone,Midwest coyote,dhole,0.242919,0.04552,0.153701,0.332138,5.3366,9.4707874e-08,76105,38,False
algonquin_13467_minus_red,Asia,Alaska,all coyotes,golden jackal,0.236616,0.040557,0.157125,0.316107,5.8342,5.4039001e-09,74769,38,False
algonquin_13467_minus_red,Asia,Alaska,all coyotes,dhole,0.220219,0.039988,0.141842,0.298595,5.5071,3.6476673e-08,77335,38,False
algonquin_13467_minus_red,Asia,Alaska,California coyote,golden jackal,0.232621,0.040664,0.152921,0.312322,5.7206,1.0612342e-08,74652,38,False
algonquin_13467_minus_red,Asia,Alaska,California coyote,dhole,0.209829,0.038855,0.133673,0.285986,5.4003,6.6536362e-08,77203,38,False
algonquin_13467_minus_red,Asia,Alaska,Alabama coyote,golden jackal,0.240431,0.042348,0.157429,0.323433,5.6775,1.3664485e-08,71719,38,False
algonquin_13467_minus_red,Asia,Alaska,Alabama coyote,dhole,0.220599,0.042546,0.137209,0.303989,5.185,2.1606465e-07,73979,38,False
algonquin_13467_minus_red,Asia,Alaska,Midwest coyote,golden jackal,0.244738,0.041632,0.163139,0.326337,5.8786,4.1384712e-09,72877,38,False
algonquin_13467_minus_red,Asia,Alaska,Midwest coyote,dhole,0.237109,0.044351,0.150181,0.324038,5.3462,8.9842749e-08,75172,38,False
algonquin_13467_minus_red,Asia,Mexican,all coyotes,golden jackal,0.279093,0.045035,0.190825,0.367361,6.1973,5.7446567e-10,75624,38,False
algonquin_13467_minus_red,Asia,Mexican,all coyotes,dhole,0.253058,0.043418,0.167959,0.338157,5.8284,5.5945598e-09,78267,38,False
algonquin_13467_minus_red,Asia,Mexican,California coyote,golden jackal,0.273705,0.04544,0.184644,0.362767,6.0235,1.7068021e-09,75497,38,False
algonquin_13467_minus_red,Asia,Mexican,California coyote,dhole,0.240223,0.041892,0.158114,0.322332,5.7343,9.7927834e-09,78126,38,False
algonquin_13467_minus_red,Asia,Mexican,Alabama coyote,golden jackal,0.28437,0.046631,0.192974,0.375766,6.0984,1.071634e-09,72473,38,False
algonquin_13467_minus_red,Asia,Mexican,Alabama coyote,dhole,0.254367,0.047403,0.161457,0.347278,5.366,8.048588e-08,74798,38,False
algonquin_13467_minus_red,Asia,Mexican,Midwest coyote,golden jackal,0.292456,0.046231,0.201843,0.383069,6.326,2.5163651e-10,73649,38,False
algonquin_13467_minus_red,Asia,Mexican,Midwest coyote,dhole,0.279186,0.048695,0.183744,0.374629,5.7334,9.8465024e-09,75997,38,False
