target,A,B,C,O,wolf_ancestry,se,baseline
great_lakes_wolf,all Eurasian,Yellowstone + Alaska,all coyotes,golden jackal,0.7464,0.0353,True
great_lakes_wolf,all Eurasian,Yellowstone + Alaska,all coyotes,dhole,0.729,0.0318,False
great_lakes_wolf,all Eurasian,Yellowstone + Alaska,California coyote,golden jackal,0.7485,0.0345,False
great_lakes_wolf,all Eurasian,Yellowstone + Alaska,California coyote,dhole,0.7407,0.0312,False
great_lakes_wolf,all Eurasian,Yellowstone + Alaska,Alabama coyote,golden jackal,0.7483,0.0389,False
great_lakes_wolf,all Eurasian,Yellowstone + Alaska,Alabama coyote,dhole,0.7298,0.0336,False
great_lakes_wolf,all Eurasian,Yellowstone + Alaska,Midwest coyote,golden jackal,0.7353,0.0367,False
great_lakes_wolf,all Eurasian,Yellowstone + Alaska,Midwest coyote,dhole,0.7034,0.0355,False
great_lakes_wolf,all Eurasian,Yellowstone,all coyotes,golden jackal,0.7477,0.0387,False
great_lakes_wolf,all Eurasian,Yellowstone,all coyotes,dhole,0.7313,0.0348,False
great_lakes_wolf,all Eurasian,Yellowstone,California coyote,golden jackal,0.7496,0.0377,False
great_lakes_wolf,all Eurasian,Yellowstone,California coyote,dhole,0.7431,0.0339,False
great_lakes_wolf,all Eurasian,Yellowstone,Alabama coyote,golden jackal,0.751,0.0421,False
great_lakes_wolf,all Eurasian,Yellowstone,Alabama coyote,dhole,0.7329,0.0367,False
great_lakes_wolf,all Eurasian,Yellowstone,Midwest coyote,golden jackal,0.7364,0.04,False
great_lakes_wolf,all Eurasian,Yellowstone,Midwest coyote,dhole,0.706,0.0388,False
great_lakes_wolf,all Eurasian,Alaska,all coyotes,golden jackal,0.738,0.0413,False
great_lakes_wolf,all Eurasian,Alaska,all coyotes,dhole,0.7169,0.0329,False
great_lakes_wolf,all Eurasian,Alaska,California coyote,golden jackal,0.7402,0.0411,False
great_lakes_wolf,all Eurasian,Alaska,California coyote,dhole,0.7294,0.0329,False
great_lakes_wolf,all Eurasian,Alaska,Alabama coyote,golden jackal,0.7366,0.0436,False
great_lakes_wolf,all Eurasian,Alaska,Alabama coyote,dhole,0.7145,0.0343,False
great_lakes_wolf,all Eurasian,Alaska,Midwest coyote,golden jackal,0.7294,0.043,False
great_lakes_wolf,all Eurasian,Alaska,Midwest coyote,dhole,0.6907,0.036,False
great_lakes_wolf,all Eurasian,Mexican,all coyotes,golden jackal,0.8425,0.056,False
great_lakes_wolf,all Eurasian,Mexican,all coyotes,dhole,0.8043,0.0465,False
great_lakes_wolf,all Eurasian,Mexican,California coyote,golden jackal,0.8461,0.0558,False
great_lakes_wolf,all Eurasian,Mexican,California coyote,dhole,0.8122,0.0456,False
great_lakes_wolf,all Eurasian,Mexican,Alabama coyote,golden jackal,0.8403,0.057,False
great_lakes_wolf,all Eurasian,Mexican,Alabama coyote,dhole,0.7997,0.0459,False
great_lakes_wolf,all Eurasian,Mexican,Midwest coyote,golden jackal,0.8393,0.0603,False
great_lakes_wolf,all Eurasian,Mexican,Midwest coyote,dhole,0.7852,0.0521,False
great_lakes_wolf,Europe,Yellowstone + Alaska,all coyotes,golden jackal,0.7518,0.0363,False
great_lakes_wolf,Europe,Yellowstone + Alaska,all coyotes,dhole,0.7336,0.0336,False
great_lakes_wolf,Europe,Yellowstone + Alaska,California coyote,golden jackal,0.7548,0.0351,False
great_lakes_wolf,Europe,Yellowstone + Alaska,California coyote,dhole,0.7461,0.0325,False
great_lakes_wolf,Europe,Yellowstone + Alaska,Alabama coyote,golden jackal,0.7551,0.0401,False
great_lakes_wolf,Europe,Yellowstone + Alaska,Alabama coyote,dhole,0.7354,0.0354,False
great_lakes_wolf,Europe,Yellowstone + Alaska,Midwest coyote,golden jackal,0.7387,0.0384,False
great_lakes_wolf,Europe,Yellowstone + Alaska,Midwest coyote,dhole,0.7064,0.0382,False
great_lakes_wolf,Europe,Yellowstone,all coyotes,golden jackal,0.7504,0.0403,False
great_lakes_wolf,Europe,Yellowstone,all coyotes,dhole,0.7336,0.0368,False
great_lakes_wolf,Europe,Yellowstone,California coyote,golden jackal,0.7532,0.0387,False
great_lakes_wolf,Europe,Yellowstone,California coyote,dhole,0.7465,0.0353,False
great_lakes_wolf,Europe,Yellowstone,Alabama coyote,golden jackal,0.7551,0.0439,False
great_lakes_wolf,Europe,Yellowstone,Alabama coyote,dhole,0.7364,0.0388,False
great_lakes_wolf,Europe,Yellowstone,Midwest coyote,golden jackal,0.7369,0.0425,False
great_lakes_wolf,Europe,Yellowstone,Midwest coyote,dhole,0.7067,0.0417,False
great_lakes_wolf,Europe,Alaska,all coyotes,golden jackal,0.7491,0.0441,False
great_lakes_wolf,Europe,Alaska,all coyotes,dhole,0.7261,0.0359,False
great_lakes_wolf,Europe,Alaska,California coyote,golden jackal,0.7526,0.0441,False
great_lakes_wolf,Europe,Alaska,California coyote,dhole,0.7392,0.0358,False
great_lakes_wolf,Europe,Alaska,Alabama coyote,golden jackal,0.7498,0.0464,False
great_lakes_wolf,Europe,Alaska,Alabama coyote,dhole,0.7248,0.037,False
great_lakes_wolf,Europe,Alaska,Midwest coyote,golden jackal,0.7394,0.0463,False
great_lakes_wolf,Europe,Alaska,Midwest coyote,dhole,0.6986,0.0399,False
great_lakes_wolf,Europe,Mexican,all coyotes,golden jackal,0.8222,0.0611,False
great_lakes_wolf,Europe,Mexican,all coyotes,dhole,0.7872,0.0498,False
great_lakes_wolf,Europe,Mexican,California coyote,golden jackal,0.8268,0.0608,False
great_lakes_wolf,Europe,Mexican,California coyote,dhole,0.7965,0.0486,False
great_lakes_wolf,Europe,Mexican,Alabama coyote,golden jackal,0.823,0.0621,False
great_lakes_wolf,Europe,Mexican,Alabama coyote,dhole,0.7833,0.049,False
great_lakes_wolf,Europe,Mexican,Midwest coyote,golden jackal,0.817,0.066,False
great_lakes_wolf,Europe,Mexican,Midwest coyote,dhole,0.7647,0.0557,False
great_lakes_wolf,Asia,Yellowstone + Alaska,all coyotes,golden jackal,0.7576,0.0371,False
great_lakes_wolf,Asia,Yellowstone + Alaska,all coyotes,dhole,0.7384,0.0331,False
great_lakes_wolf,Asia,Yellowstone + Alaska,California coyote,golden jackal,0.7612,0.0362,False
great_lakes_wolf,Asia,Yellowstone + Alaska,California coyote,dhole,0.7513,0.0323,False
great_lakes_wolf,Asia,Yellowstone + Alaska,Alabama coyote,golden jackal,0.7585,0.04,False
great_lakes_wolf,Asia,Yellowstone + Alaska,Alabama coyote,dhole,0.7379,0.0348,False
great_lakes_wolf,Asia,Yellowstone + Alaska,Midwest coyote,golden jackal,0.7482,0.0383,False
great_lakes_wolf,Asia,Yellowstone + Alaska,Midwest coyote,dhole,0.7157,0.0369,False
great_lakes_wolf,Asia,Yellowstone,all coyotes,golden jackal,0.7581,0.0383,False
great_lakes_wolf,Asia,Yellowstone,all coyotes,dhole,0.7395,0.0353,False
great_lakes_wolf,Asia,Yellowstone,California coyote,golden jackal,0.7614,0.0373,False
great_lakes_wolf,Asia,Yellowstone,California coyote,dhole,0.7525,0.0345,False
great_lakes_wolf,Asia,Yellowstone,Alabama coyote,golden jackal,0.7604,0.0411,False
great_lakes_wolf,Asia,Yellowstone,Alabama coyote,dhole,0.74,0.0369,False
great_lakes_wolf,Asia,Yellowstone,Midwest coyote,golden jackal,0.7486,0.0394,False
great_lakes_wolf,Asia,Yellowstone,Midwest coyote,dhole,0.7174,0.0393,False
great_lakes_wolf,Asia,Alaska,all coyotes,golden jackal,0.755,0.0475,False
great_lakes_wolf,Asia,Alaska,all coyotes,dhole,0.7307,0.0364,False
great_lakes_wolf,Asia,Alaska,California coyote,golden jackal,0.7584,0.0466,False
great_lakes_wolf,Asia,Alaska,California coyote,dhole,0.7446,0.0352,False
great_lakes_wolf,Asia,Alaska,Alabama coyote,golden jackal,0.7525,0.0495,False
great_lakes_wolf,Asia,Alaska,Alabama coyote,dhole,0.7278,0.0382,False
great_lakes_wolf,Asia,Alaska,Midwest coyote,golden jackal,0.7472,0.0494,False
great_lakes_wolf,Asia,Alaska,Midwest coyote,dhole,0.7063,0.0403,False
great_lakes_wolf,Asia,Mexican,all coyotes,golden jackal,0.8807,0.0537,False
great_lakes_wolf,Asia,Mexican,all coyotes,dhole,0.8362,0.0485,False
great_lakes_wolf,Asia,Mexican,California coyote,golden jackal,0.8847,0.053,False
great_lakes_wolf,Asia,Mexican,California coyote,dhole,0.8433,0.0472,False
great_lakes_wolf,Asia,Mexican,Alabama coyote,golden jackal,0.8761,0.0543,False
great_lakes_wolf,Asia,Mexican,Alabama coyote,dhole,0.83,0.0475,False
great_lakes_wolf,Asia,Mexican,Midwest coyote,golden jackal,0.8796,0.0582,False
great_lakes_wolf,Asia,Mexican,Midwest coyote,dhole,0.8206,0.0546,False
algonquin,all Eurasian,Yellowstone + Alaska,all coyotes,golden jackal,0.6444,0.0269,True
algonquin,all Eurasian,Yellowstone + Alaska,all coyotes,dhole,0.6296,0.0279,False
algonquin,all Eurasian,Yellowstone + Alaska,California coyote,golden jackal,0.6463,0.0265,False
algonquin,all Eurasian,Yellowstone + Alaska,California coyote,dhole,0.6444,0.028,False
algonquin,all Eurasian,Yellowstone + Alaska,Alabama coyote,golden jackal,0.6463,0.0313,False
algonquin,all Eurasian,Yellowstone + Alaska,Alabama coyote,dhole,0.6277,0.0285,False
algonquin,all Eurasian,Yellowstone + Alaska,Midwest coyote,golden jackal,0.6297,0.0288,False
algonquin,all Eurasian,Yellowstone + Alaska,Midwest coyote,dhole,0.5967,0.0324,False
algonquin,all Eurasian,Yellowstone,all coyotes,golden jackal,0.6458,0.0301,False
algonquin,all Eurasian,Yellowstone,all coyotes,dhole,0.632,0.0304,False
algonquin,all Eurasian,Yellowstone,California coyote,golden jackal,0.6478,0.0294,False
algonquin,all Eurasian,Yellowstone,California coyote,dhole,0.6468,0.0301,False
algonquin,all Eurasian,Yellowstone,Alabama coyote,golden jackal,0.649,0.0344,False
algonquin,all Eurasian,Yellowstone,Alabama coyote,dhole,0.6304,0.0311,False
algonquin,all Eurasian,Yellowstone,Midwest coyote,golden jackal,0.631,0.0319,False
algonquin,all Eurasian,Yellowstone,Midwest coyote,dhole,0.5992,0.0351,False
algonquin,all Eurasian,Alaska,all coyotes,golden jackal,0.6372,0.0334,False
algonquin,all Eurasian,Alaska,all coyotes,dhole,0.6196,0.029,False
algonquin,all Eurasian,Alaska,California coyote,golden jackal,0.6395,0.034,False
algonquin,all Eurasian,Alaska,California coyote,dhole,0.6348,0.0295,False
algonquin,all Eurasian,Alaska,Alabama coyote,golden jackal,0.6363,0.0357,False
algonquin,all Eurasian,Alaska,Alabama coyote,dhole,0.6155,0.0292,False
algonquin,all Eurasian,Alaska,Midwest coyote,golden jackal,0.6254,0.0349,False
algonquin,all Eurasian,Alaska,Midwest coyote,dhole,0.5853,0.0328,False
algonquin,all Eurasian,Mexican,all coyotes,golden jackal,0.7282,0.0411,False
algonquin,all Eurasian,Mexican,all coyotes,dhole,0.6964,0.0382,False
algonquin,all Eurasian,Mexican,California coyote,golden jackal,0.7313,0.0407,False
algonquin,all Eurasian,Mexican,California coyote,dhole,0.7083,0.0383,False
algonquin,all Eurasian,Mexican,Alabama coyote,golden jackal,0.7273,0.0419,False
algonquin,all Eurasian,Mexican,Alabama coyote,dhole,0.6908,0.0368,False
algonquin,all Eurasian,Mexican,Midwest coyote,golden jackal,0.7196,0.0442,False
algonquin,all Eurasian,Mexican,Midwest coyote,dhole,0.6675,0.0433,False
algonquin,Europe,Yellowstone + Alaska,all coyotes,golden jackal,0.6488,0.0289,False
algonquin,Europe,Yellowstone + Alaska,all coyotes,dhole,0.6323,0.0293,False
algonquin,Europe,Yellowstone + Alaska,California coyote,golden jackal,0.6518,0.0277,False
algonquin,Europe,Yellowstone + Alaska,California coyote,dhole,0.6484,0.0287,False
algonquin,Europe,Yellowstone + Alaska,Alabama coyote,golden jackal,0.6526,0.0335,False
algonquin,Europe,Yellowstone + Alaska,Alabama coyote,dhole,0.6334,0.0299,False
algonquin,Europe,Yellowstone + Alaska,Midwest coyote,golden jackal,0.6318,0.0317,False
algonquin,Europe,Yellowstone + Alaska,Midwest coyote,dhole,0.5976,0.0348,False
algonquin,Europe,Yellowstone,all coyotes,golden jackal,0.6478,0.0328,False
algonquin,Europe,Yellowstone,all coyotes,dhole,0.6329,0.0324,False
algonquin,Europe,Yellowstone,California coyote,golden jackal,0.6509,0.0312,False
algonquin,Europe,Yellowstone,California coyote,dhole,0.649,0.0313,False
algonquin,Europe,Yellowstone,Alabama coyote,golden jackal,0.6531,0.0373,False
algonquin,Europe,Yellowstone,Alabama coyote,dhole,0.6342,0.0333,False
algonquin,Europe,Yellowstone,Midwest coyote,golden jackal,0.6306,0.0359,False
algonquin,Europe,Yellowstone,Midwest coyote,dhole,0.5983,0.0382,False
algonquin,Europe,Alaska,all coyotes,golden jackal,0.6481,0.0361,False
algonquin,Europe,Alaska,all coyotes,dhole,0.6276,0.03,False
algonquin,Europe,Alaska,California coyote,golden jackal,0.6522,0.0368,False
algonquin,Europe,Alaska,California coyote,dhole,0.644,0.0307,False
algonquin,Europe,Alaska,Alabama coyote,golden jackal,0.6495,0.0384,False
algonquin,Europe,Alaska,Alabama coyote,dhole,0.6261,0.0299,False
algonquin,Europe,Alaska,Midwest coyote,golden jackal,0.6346,0.0377,False
algonquin,Europe,Alaska,Midwest coyote,dhole,0.5917,0.0344,False
algonquin,Europe,Mexican,all coyotes,golden jackal,0.7109,0.046,False
algonquin,Europe,Mexican,all coyotes,dhole,0.6806,0.0407,False
algonquin,Europe,Mexican,California coyote,golden jackal,0.7155,0.0455,False
algonquin,Europe,Mexican,California coyote,dhole,0.6942,0.0405,False
algonquin,Europe,Mexican,Alabama coyote,golden jackal,0.7135,0.0469,False
algonquin,Europe,Mexican,Alabama coyote,dhole,0.6776,0.0392,False
algonquin,Europe,Mexican,Midwest coyote,golden jackal,0.6998,0.049,False
algonquin,Europe,Mexican,Midwest coyote,dhole,0.6486,0.0457,False
algonquin,Asia,Yellowstone + Alaska,all coyotes,golden jackal,0.6301,0.0257,False
algonquin,Asia,Yellowstone + Alaska,all coyotes,dhole,0.6205,0.0284,False
algonquin,Asia,Yellowstone + Alaska,California coyote,golden jackal,0.6344,0.0256,False
algonquin,Asia,Yellowstone + Alaska,California coyote,dhole,0.6377,0.0288,False
algonquin,Asia,Yellowstone + Alaska,Alabama coyote,golden jackal,0.6297,0.0299,False
algonquin,Asia,Yellowstone + Alaska,Alabama coyote,dhole,0.6141,0.0296,False
algonquin,Asia,Yellowstone + Alaska,Midwest coyote,golden jackal,0.6171,0.0273,False
algonquin,Asia,Yellowstone + Alaska,Midwest coyote,dhole,0.5889,0.0326,False
algonquin,Asia,Yellowstone,all coyotes,golden jackal,0.6309,0.0275,False
algonquin,Asia,Yellowstone,all coyotes,dhole,0.6219,0.0299,False
algonquin,Asia,Yellowstone,California coyote,golden jackal,0.6351,0.0273,False
algonquin,Asia,Yellowstone,California coyote,dhole,0.6391,0.0304,False
algonquin,Asia,Yellowstone,Alabama coyote,golden jackal,0.6317,0.0316,False
algonquin,Asia,Yellowstone,Alabama coyote,dhole,0.6159,0.0309,False
algonquin,Asia,Yellowstone,Midwest coyote,golden jackal,0.6178,0.0286,False
algonquin,Asia,Yellowstone,Midwest coyote,dhole,0.5907,0.034,False
algonquin,Asia,Alaska,all coyotes,golden jackal,0.6274,0.0354,False
algonquin,Asia,Alaska,all coyotes,dhole,0.6143,0.0319,False
algonquin,Asia,Alaska,California coyote,golden jackal,0.6317,0.0352,False
algonquin,Asia,Alaska,California coyote,dhole,0.632,0.0315,False
algonquin,Asia,Alaska,Alabama coyote,golden jackal,0.6244,0.0377,False
algonquin,Asia,Alaska,Alabama coyote,dhole,0.6058,0.0335,False
algonquin,Asia,Alaska,Midwest coyote,golden jackal,0.6162,0.038,False
algonquin,Asia,Alaska,Midwest coyote,dhole,0.5799,0.0364,False
algonquin,Asia,Mexican,all coyotes,golden jackal,0.7332,0.0411,False
algonquin,Asia,Mexican,all coyotes,dhole,0.7037,0.0392,False
algonquin,Asia,Mexican,California coyote,golden jackal,0.7379,0.0403,False
algonquin,Asia,Mexican,California coyote,dhole,0.7168,0.0396,False
algonquin,Asia,Mexican,Alabama coyote,golden jackal,0.729,0.0419,False
algonquin,Asia,Mexican,Alabama coyote,dhole,0.6935,0.0378,False
algonquin,Asia,Mexican,Midwest coyote,golden jackal,0.7253,0.0454,False
algonquin,Asia,Mexican,Midwest coyote,dhole,0.6756,0.0448,False
red_wolf,all Eurasian,Yellowstone + Alaska,all coyotes,golden jackal,0.3603,0.0338,True
red_wolf,all Eurasian,Yellowstone + Alaska,all coyotes,dhole,0.363,0.0293,False
red_wolf,all Eurasian,Yellowstone + Alaska,California coyote,golden jackal,0.3655,0.0358,False
red_wolf,all Eurasian,Yellowstone + Alaska,California coyote,dhole,0.3895,0.0317,False
red_wolf,all Eurasian,Yellowstone + Alaska,Alabama coyote,golden jackal,0.3573,0.0359,False
red_wolf,all Eurasian,Yellowstone + Alaska,Alabama coyote,dhole,0.3547,0.0326,False
red_wolf,all Eurasian,Yellowstone + Alaska,Midwest coyote,golden jackal,0.3339,0.0407,False
red_wolf,all Eurasian,Yellowstone + Alaska,Midwest coyote,dhole,0.3052,0.0369,False
red_wolf,all Eurasian,Yellowstone,all coyotes,golden jackal,0.3614,0.0348,False
red_wolf,all Eurasian,Yellowstone,all coyotes,dhole,0.3641,0.0305,False
red_wolf,all Eurasian,Yellowstone,California coyote,golden jackal,0.3665,0.0366,False
red_wolf,all Eurasian,Yellowstone,California coyote,dhole,0.3908,0.0327,False
red_wolf,all Eurasian,Yellowstone,Alabama coyote,golden jackal,0.3589,0.0374,False
red_wolf,all Eurasian,Yellowstone,Alabama coyote,dhole,0.3559,0.0338,False
red_wolf,all Eurasian,Yellowstone,Midwest coyote,golden jackal,0.3349,0.0415,False
red_wolf,all Eurasian,Yellowstone,Midwest coyote,dhole,0.3062,0.038,False
red_wolf,all Eurasian,Alaska,all coyotes,golden jackal,0.3555,0.0343,False
red_wolf,all Eurasian,Alaska,all coyotes,dhole,0.355,0.0283,False
red_wolf,all Eurasian,Alaska,California coyote,golden jackal,0.361,0.0372,False
red_wolf,all Eurasian,Alaska,California coyote,dhole,0.3819,0.0312,False
red_wolf,all Eurasian,Alaska,Alabama coyote,golden jackal,0.3498,0.0353,False
red_wolf,all Eurasian,Alaska,Alabama coyote,dhole,0.3461,0.0316,False
red_wolf,all Eurasian,Alaska,Midwest coyote,golden jackal,0.3333,0.0406,False
red_wolf,all Eurasian,Alaska,Midwest coyote,dhole,0.2996,0.0346,False
red_wolf,all Eurasian,Mexican,all coyotes,golden jackal,0.4075,0.0448,False
red_wolf,all Eurasian,Mexican,all coyotes,dhole,0.4003,0.0374,False
red_wolf,all Eurasian,Mexican,California coyote,golden jackal,0.4139,0.0468,False
red_wolf,all Eurasian,Mexican,California coyote,dhole,0.4267,0.0402,False
red_wolf,all Eurasian,Mexican,Alabama coyote,golden jackal,0.4019,0.0452,False
red_wolf,all Eurasian,Mexican,Alabama coyote,dhole,0.3888,0.0378,False
red_wolf,all Eurasian,Mexican,Midwest coyote,golden jackal,0.3827,0.0524,False
red_wolf,all Eurasian,Mexican,Midwest coyote,dhole,0.3403,0.0449,False
red_wolf,Europe,Yellowstone + Alaska,all coyotes,golden jackal,0.3593,0.0358,False
red_wolf,Europe,Yellowstone + Alaska,all coyotes,dhole,0.3626,0.0302,False
red_wolf,Europe,Yellowstone + Alaska,California coyote,golden jackal,0.3666,0.0379,False
red_wolf,Europe,Yellowstone + Alaska,California coyote,dhole,0.391,0.0324,False
red_wolf,Europe,Yellowstone + Alaska,Alabama coyote,golden jackal,0.3565,0.039,False
red_wolf,Europe,Yellowstone + Alaska,Alabama coyote,dhole,0.3552,0.0338,False
red_wolf,Europe,Yellowstone + Alaska,Midwest coyote,golden jackal,0.3282,0.0428,False
red_wolf,Europe,Yellowstone + Alaska,Midwest coyote,dhole,0.2998,0.0381,False
red_wolf,Europe,Yellowstone,all coyotes,golden jackal,0.3592,0.037,False
red_wolf,Europe,Yellowstone,all coyotes,dhole,0.3626,0.0317,False
red_wolf,Europe,Yellowstone,California coyote,golden jackal,0.3663,0.0387,False
red_wolf,Europe,Yellowstone,California coyote,dhole,0.3911,0.0335,False
red_wolf,Europe,Yellowstone,Alabama coyote,golden jackal,0.3569,0.0406,False
red_wolf,Europe,Yellowstone,Alabama coyote,dhole,0.3554,0.0355,False
red_wolf,Europe,Yellowstone,Midwest coyote,golden jackal,0.3281,0.0439,False
red_wolf,Europe,Yellowstone,Midwest coyote,dhole,0.2998,0.0396,False
red_wolf,Europe,Alaska,all coyotes,golden jackal,0.3577,0.0367,False
red_wolf,Europe,Alaska,all coyotes,dhole,0.3569,0.0285,False
red_wolf,Europe,Alaska,California coyote,golden jackal,0.3659,0.0404,False
red_wolf,Europe,Alaska,California coyote,dhole,0.386,0.0321,False
red_wolf,Europe,Alaska,Alabama coyote,golden jackal,0.3522,0.0386,False
red_wolf,Europe,Alaska,Alabama coyote,dhole,0.3491,0.0316,False
red_wolf,Europe,Alaska,Midwest coyote,golden jackal,0.3308,0.0425,False
red_wolf,Europe,Alaska,Midwest coyote,dhole,0.2964,0.0351,False
red_wolf,Europe,Mexican,all coyotes,golden jackal,0.3943,0.0441,False
red_wolf,Europe,Mexican,all coyotes,dhole,0.389,0.0361,False
red_wolf,Europe,Mexican,California coyote,golden jackal,0.4027,0.0468,False
red_wolf,Europe,Mexican,California coyote,dhole,0.417,0.0393,False
red_wolf,Europe,Mexican,Alabama coyote,golden jackal,0.3897,0.0456,False
red_wolf,Europe,Mexican,Alabama coyote,dhole,0.3786,0.0372,False
red_wolf,Europe,Mexican,Midwest coyote,golden jackal,0.3647,0.0511,False
red_wolf,Europe,Mexican,Midwest coyote,dhole,0.3241,0.0432,False
red_wolf,Asia,Yellowstone + Alaska,all coyotes,golden jackal,0.3591,0.0335,False
red_wolf,Asia,Yellowstone + Alaska,all coyotes,dhole,0.3642,0.0305,False
red_wolf,Asia,Yellowstone + Alaska,California coyote,golden jackal,0.3678,0.0353,False
red_wolf,Asia,Yellowstone + Alaska,California coyote,dhole,0.3943,0.0327,False
red_wolf,Asia,Yellowstone + Alaska,Alabama coyote,golden jackal,0.3534,0.0353,False
red_wolf,Asia,Yellowstone + Alaska,Alabama coyote,dhole,0.3521,0.0355,False
red_wolf,Asia,Yellowstone + Alaska,Midwest coyote,golden jackal,0.3355,0.0409,False
red_wolf,Asia,Yellowstone + Alaska,Midwest coyote,dhole,0.3088,0.0372,False
red_wolf,Asia,Yellowstone,all coyotes,golden jackal,0.3599,0.0336,False
red_wolf,Asia,Yellowstone,all coyotes,dhole,0.3646,0.0309,False
red_wolf,Asia,Yellowstone,California coyote,golden jackal,0.3685,0.0354,False
red_wolf,Asia,Yellowstone,California coyote,dhole,0.3949,0.0333,False
red_wolf,Asia,Yellowstone,Alabama coyote,golden jackal,0.3547,0.0358,False
red_wolf,Asia,Yellowstone,Alabama coyote,dhole,0.3529,0.0356,False
red_wolf,Asia,Yellowstone,Midwest coyote,golden jackal,0.3362,0.0406,False
red_wolf,Asia,Yellowstone,Midwest coyote,dhole,0.3093,0.0374,False
red_wolf,Asia,Alaska,all coyotes,golden jackal,0.3568,0.0366,False
red_wolf,Asia,Alaska,all coyotes,dhole,0.3589,0.0319,False
red_wolf,Asia,Alaska,California coyote,golden jackal,0.3658,0.0384,False
red_wolf,Asia,Alaska,California coyote,dhole,0.3895,0.0333,False
red_wolf,Asia,Alaska,Alabama coyote,golden jackal,0.3485,0.0371,False
red_wolf,Asia,Alaska,Alabama coyote,dhole,0.3458,0.0371,False
red_wolf,Asia,Alaska,Midwest coyote,golden jackal,0.3368,0.0438,False
red_wolf,Asia,Alaska,Midwest coyote,dhole,0.305,0.038,False
red_wolf,Asia,Mexican,all coyotes,golden jackal,0.4185,0.0485,False
red_wolf,Asia,Mexican,all coyotes,dhole,0.4117,0.0412,False
red_wolf,Asia,Mexican,California coyote,golden jackal,0.4287,0.0497,False
red_wolf,Asia,Mexican,California coyote,dhole,0.4414,0.0437,False
red_wolf,Asia,Mexican,Alabama coyote,golden jackal,0.4089,0.0485,False
red_wolf,Asia,Mexican,Alabama coyote,dhole,0.3958,0.0426,False
red_wolf,Asia,Mexican,Midwest coyote,golden jackal,0.3959,0.057,False
red_wolf,Asia,Mexican,Midwest coyote,dhole,0.3533,0.0482,False
QuebecWolf,all Eurasian,Yellowstone + Alaska,all coyotes,golden jackal,0.0278,0.0284,True
QuebecWolf,all Eurasian,Yellowstone + Alaska,all coyotes,dhole,0.0416,0.0289,False
QuebecWolf,all Eurasian,Yellowstone + Alaska,California coyote,golden jackal,0.0325,0.0332,False
QuebecWolf,all Eurasian,Yellowstone + Alaska,California coyote,dhole,0.0789,0.032,False
QuebecWolf,all Eurasian,Yellowstone + Alaska,Alabama coyote,golden jackal,0.0311,0.0399,False
QuebecWolf,all Eurasian,Yellowstone + Alaska,Alabama coyote,dhole,0.0314,0.0406,False
QuebecWolf,all Eurasian,Yellowstone + Alaska,Midwest coyote,golden jackal,-0.0171,0.0402,False
QuebecWolf,all Eurasian,Yellowstone + Alaska,Midwest coyote,dhole,-0.0447,0.0425,False
QuebecWolf,all Eurasian,Yellowstone,all coyotes,golden jackal,0.027,0.0286,False
QuebecWolf,all Eurasian,Yellowstone,all coyotes,dhole,0.0419,0.0291,False
QuebecWolf,all Eurasian,Yellowstone,California coyote,golden jackal,0.0318,0.0333,False
QuebecWolf,all Eurasian,Yellowstone,California coyote,dhole,0.0793,0.0322,False
QuebecWolf,all Eurasian,Yellowstone,Alabama coyote,golden jackal,0.0304,0.0402,False
QuebecWolf,all Eurasian,Yellowstone,Alabama coyote,dhole,0.0315,0.0409,False
QuebecWolf,all Eurasian,Yellowstone,Midwest coyote,golden jackal,-0.017,0.04,False
QuebecWolf,all Eurasian,Yellowstone,Midwest coyote,dhole,-0.0448,0.0425,False
QuebecWolf,all Eurasian,Alaska,all coyotes,golden jackal,0.0336,0.0274,False
QuebecWolf,all Eurasian,Alaska,all coyotes,dhole,0.0444,0.0285,False
QuebecWolf,all Eurasian,Alaska,California coyote,golden jackal,0.0391,0.0321,False
QuebecWolf,all Eurasian,Alaska,California coyote,dhole,0.0829,0.0314,False
QuebecWolf,all Eurasian,Alaska,Alabama coyote,golden jackal,0.0345,0.0394,False
QuebecWolf,all Eurasian,Alaska,Alabama coyote,dhole,0.0324,0.0399,False
QuebecWolf,all Eurasian,Alaska,Midwest coyote,golden jackal,-0.0095,0.0394,False
QuebecWolf,all Eurasian,Alaska,Midwest coyote,dhole,-0.0394,0.0423,False
QuebecWolf,all Eurasian,Mexican,all coyotes,golden jackal,0.0302,0.0317,False
QuebecWolf,all Eurasian,Mexican,all coyotes,dhole,0.0453,0.0313,False
QuebecWolf,all Eurasian,Mexican,California coyote,golden jackal,0.0366,0.037,False
QuebecWolf,all Eurasian,Mexican,California coyote,dhole,0.0861,0.0345,False
QuebecWolf,all Eurasian,Mexican,Alabama coyote,golden jackal,0.0332,0.044,False
QuebecWolf,all Eurasian,Mexican,Alabama coyote,dhole,0.0349,0.0433,False
QuebecWolf,all Eurasian,Mexican,Midwest coyote,golden jackal,-0.0195,0.045,False
QuebecWolf,all Eurasian,Mexican,Midwest coyote,dhole,-0.0485,0.0474,False
QuebecWolf,Europe,Yellowstone + Alaska,all coyotes,golden jackal,0.0322,0.03,False
QuebecWolf,Europe,Yellowstone + Alaska,all coyotes,dhole,0.0431,0.0294,False
QuebecWolf,Europe,Yellowstone + Alaska,California coyote,golden jackal,0.0404,0.0348,False
QuebecWolf,Europe,Yellowstone + Alaska,California coyote,dhole,0.0835,0.0317,False
QuebecWolf,Europe,Yellowstone + Alaska,Alabama coyote,golden jackal,0.0371,0.0425,False
QuebecWolf,Europe,Yellowstone + Alaska,Alabama coyote,dhole,0.0367,0.0421,False
QuebecWolf,Europe,Yellowstone + Alaska,Midwest coyote,golden jackal,-0.0191,0.0424,False
QuebecWolf,Europe,Yellowstone + Alaska,Midwest coyote,dhole,-0.048,0.044,False
QuebecWolf,Europe,Yellowstone,all coyotes,golden jackal,0.0315,0.03,False
QuebecWolf,Europe,Yellowstone,all coyotes,dhole,0.0433,0.0296,False
QuebecWolf,Europe,Yellowstone,California coyote,golden jackal,0.0396,0.0348,False
QuebecWolf,Europe,Yellowstone,California coyote,dhole,0.0835,0.0319,False
QuebecWolf,Europe,Yellowstone,Alabama coyote,golden jackal,0.0364,0.0425,False
QuebecWolf,Europe,Yellowstone,Alabama coyote,dhole,0.0365,0.0423,False
QuebecWolf,Europe,Yellowstone,Midwest coyote,golden jackal,-0.0187,0.0419,False
QuebecWolf,Europe,Yellowstone,Midwest coyote,dhole,-0.0477,0.0438,False
QuebecWolf,Europe,Alaska,all coyotes,golden jackal,0.0388,0.0292,False
QuebecWolf,Europe,Alaska,all coyotes,dhole,0.047,0.0291,False
QuebecWolf,Europe,Alaska,California coyote,golden jackal,0.0486,0.0338,False
QuebecWolf,Europe,Alaska,California coyote,dhole,0.0891,0.0313,False
QuebecWolf,Europe,Alaska,Alabama coyote,golden jackal,0.0407,0.0424,False
QuebecWolf,Europe,Alaska,Alabama coyote,dhole,0.038,0.0414,False
QuebecWolf,Europe,Alaska,Midwest coyote,golden jackal,-0.0118,0.0423,False
QuebecWolf,Europe,Alaska,Midwest coyote,dhole,-0.0429,0.0446,False
QuebecWolf,Europe,Mexican,all coyotes,golden jackal,0.034,0.0325,False
QuebecWolf,Europe,Mexican,all coyotes,dhole,0.0458,0.031,False
QuebecWolf,Europe,Mexican,California coyote,golden jackal,0.0439,0.0376,False
QuebecWolf,Europe,Mexican,California coyote,dhole,0.0888,0.0335,False
QuebecWolf,Europe,Mexican,Alabama coyote,golden jackal,0.0385,0.0454,False
QuebecWolf,Europe,Mexican,Alabama coyote,dhole,0.0395,0.0436,False
QuebecWolf,Europe,Mexican,Midwest coyote,golden jackal,-0.0209,0.0461,False
QuebecWolf,Europe,Mexican,Midwest coyote,dhole,-0.0506,0.0477,False
QuebecWolf,Asia,Yellowstone + Alaska,all coyotes,golden jackal,0.0138,0.0335,False
QuebecWolf,Asia,Yellowstone + Alaska,all coyotes,dhole,0.0314,0.0279,False
QuebecWolf,Asia,Yellowstone + Alaska,California coyote,golden jackal,0.0226,0.0369,False
QuebecWolf,Asia,Yellowstone + Alaska,California coyote,dhole,0.0733,0.0317,False
QuebecWolf,Asia,Yellowstone + Alaska,Alabama coyote,golden jackal,0.0103,0.0432,False
QuebecWolf,Asia,Yellowstone + Alaska,Alabama coyote,dhole,0.0131,0.0419,False
QuebecWolf,Asia,Yellowstone + Alaska,Midwest coyote,golden jackal,-0.0238,0.0452,False
QuebecWolf,Asia,Yellowstone + Alaska,Midwest coyote,dhole,-0.0517,0.0405,False
QuebecWolf,Asia,Yellowstone,all coyotes,golden jackal,0.0133,0.0336,False
QuebecWolf,Asia,Yellowstone,all coyotes,dhole,0.0316,0.028,False
QuebecWolf,Asia,Yellowstone,California coyote,golden jackal,0.0221,0.037,False
QuebecWolf,Asia,Yellowstone,California coyote,dhole,0.0737,0.0319,False
QuebecWolf,Asia,Yellowstone,Alabama coyote,golden jackal,0.01,0.0434,False
QuebecWolf,Asia,Yellowstone,Alabama coyote,dhole,0.0134,0.0421,False
QuebecWolf,Asia,Yellowstone,Midwest coyote,golden jackal,-0.0238,0.0451,False
QuebecWolf,Asia,Yellowstone,Midwest coyote,dhole,-0.052,0.0406,False
QuebecWolf,Asia,Alaska,all coyotes,golden jackal,0.0201,0.033,False
QuebecWolf,Asia,Alaska,all coyotes,dhole,0.0343,0.0278,False
QuebecWolf,Asia,Alaska,California coyote,golden jackal,0.0295,0.0364,False
QuebecWolf,Asia,Alaska,California coyote,dhole,0.0777,0.0312,False
QuebecWolf,Asia,Alaska,Alabama coyote,golden jackal,0.0149,0.0429,False
QuebecWolf,Asia,Alaska,Alabama coyote,dhole,0.0152,0.0417,False
QuebecWolf,Asia,Alaska,Midwest coyote,golden jackal,-0.016,0.0448,False
QuebecWolf,Asia,Alaska,Midwest coyote,dhole,-0.0462,0.0403,False
QuebecWolf,Asia,Mexican,all coyotes,golden jackal,0.015,0.0387,False
QuebecWolf,Asia,Mexican,all coyotes,dhole,0.0351,0.0311,False
QuebecWolf,Asia,Mexican,California coyote,golden jackal,0.026,0.0427,False
QuebecWolf,Asia,Mexican,California coyote,dhole,0.0813,0.0351,False
QuebecWolf,Asia,Mexican,Alabama coyote,golden jackal,0.0105,0.0492,False
QuebecWolf,Asia,Mexican,Alabama coyote,dhole,0.0153,0.0461,False
QuebecWolf,Asia,Mexican,Midwest coyote,golden jackal,-0.0282,0.0518,False
QuebecWolf,Asia,Mexican,Midwest coyote,dhole,-0.0575,0.0463,False
