group,taxonomic_scope,coyote_evidence,coyote_estimate_sinding_2018,dog_evidence,local_panel_coverage,key_sources,interpretation
Historical Plains wolf (C. l. nubilus; C. variabilis Wied-Neuwied 1841),historical named subspecies,unresolved,not estimated,unresolved,no nuclear genotype,Leonard 2005; Sacks 2021; MCZ BOM-11183,"Authenticated Nebraska voucher SRR14761957 has a mitochondrial-only archived BAM; historical museum mtDNA does not establish a nuclear ancestry proportion, and modern Central wolves are not substituted."
Great Lakes wolf (Minnesota/Isle Royale),regional wolf population,strong coyote-lineage affinity,about 25 percent,not established,2 genomes,Sinding 2018; Vilaça 2023; local cline,The coyote-like component may be partly mediated by an older eastern-wolf lineage; it is not proof of recent direct coyote crosses.
Red wolf (captive descendants),red wolf lineage / often C. rufus,strong coyote-lineage affinity,about 60 percent,not established,2 genomes,Sinding 2018; vonHoldt 2016; Vilaça 2023; local cline,Large coyote-like component and private red-wolf ancestry; the percentage is conditional on a two-source model and does not settle species status.
Eastern wolf (Algonquin),eastern wolf lineage / C. lycaon contested,strong coyote-lineage affinity,about 40 percent,not established,2 genomes,Sinding 2018; Vilaça 2023; local cline,Ancient and more recent gene flow are plausible; a distinct eastern component prevents reading the model percentage as recent coyote hybridization.
Mexican wolf (C. l. baileyi),named subspecies,low but detected,about 10 percent,no biologically significant dog ancestry in dedicated study,2 genomes,Sinding 2018; Fitak 2018; local cline,The coyote estimate is model dependent; apparent dog weight in the local three-source fit is not dog-specific and fails the direct contrast.
Pacific Coast wolf,genomic coastal population,low but detected,about 5 percent,no recent dog/coyote hybrids detected in a related Pacific Northwest sample,none,Sinding 2018; Hendricks 2018,The Pacific Northwest diagnostic-marker screen tests recent hybrids and does not erase the small historical genome-wide signal in a different coastal sample set.
Yellowstone/Rocky Mountain wolf,genomic Yellowstone population,low but detected,about 5 percent,historical localized dog-derived K-locus allele documented,3 genomes,Sinding 2018; Anderson 2009; Schweizer 2018,Dog evidence concerns a selected coat-color haplotype rather than a measured genome-wide dog percentage.
Atlantic Coast wolf,genomic Atlantic population,low but detected,about 10 percent,not established,none,Sinding 2018,An approximate model-based signal; population-specific dog ancestry was not established by the reviewed sources.
Alaskan wolf,genomic Alaska population,significant D-statistic; fraction not reliable,not estimated reliably,historical localized dog-derived K-locus allele documented,1 genome,Sinding 2018; Schweizer 2018; local panel,The f4-ratio is confounded by Siberian-related wolf gene flow; the dog allele is documented regionally and was not genotyped in the local Alaska genome.
West Arctic wolf (Banks/Victoria Islands),genomic Arctic-island population,very low but detected,less than 3 percent,not established,none,Sinding 2018,The under-3-percent estimate applies to Canadian archipelago wolves in the study; small signals need cautious interpretation.
