group,status,n_genomes,genomes,wolf_reference,wolf_f4_ratio,wolf_f4_ratio_se,wolf_f4_ratio_sites,coyote_d,coyote_d_se,coyote_d_z,coyote_d_sites,note
Great Lakes wolf,computed,2,Wolf18;Wolf40,Wolf28;Wolf29;Wolf30;AlaskanWolf,0.746394,0.035323,79987,0.10298,0.020382,5.053,79994,"Coyote D tests excess allele sharing relative to the listed western wolves. Wolf f4 ratio is model-dependent, especially near 1. Dog ancestry is not inferred by this contrast."
Red wolf,computed,2,Wolf25;Wolf26,Wolf28;Wolf29;Wolf30;AlaskanWolf,0.360253,0.033751,79895,0.229547,0.01711,13.416,79905,"Coyote D tests excess allele sharing relative to the listed western wolves. Wolf f4 ratio is model-dependent, especially near 1. Dog ancestry is not inferred by this contrast."
Eastern/Algonquin wolf,computed,2,AlgonquinWolf13467;AlgonquinWolf13470,Wolf28;Wolf29;Wolf30;AlaskanWolf,0.644365,0.026913,79822,0.144893,0.019466,7.443,79829,"Coyote D tests excess allele sharing relative to the listed western wolves. Wolf f4 ratio is model-dependent, especially near 1. Dog ancestry is not inferred by this contrast."
Mexican wolf,computed,2,Wolf22;Wolf23,Wolf28;Wolf29;Wolf30;AlaskanWolf,0.882934,0.054668,79856,0.007211,0.026406,0.273,79863,"Coyote D tests excess allele sharing relative to the listed western wolves. Wolf f4 ratio is model-dependent, especially near 1. Dog ancestry is not inferred by this contrast."
Yellowstone wolf,computed,3,Wolf28;Wolf29;Wolf30,AlaskanWolf,0.98391,0.052682,78735,0.006598,0.021599,0.305,78740,"Coyote D tests excess allele sharing relative to the listed western wolves. Wolf f4 ratio is model-dependent, especially near 1. Dog ancestry is not inferred by this contrast."
Alaskan wolf,computed,1,AlaskanWolf,Wolf28;Wolf29;Wolf30,1.016354,0.054442,78735,-0.006598,0.021599,-0.305,78740,"Coyote D tests excess allele sharing relative to the listed western wolves. Wolf f4 ratio is model-dependent, especially near 1. Dog ancestry is not inferred by this contrast."
"Historical Plains wolf (C. l. nubilus; C. variabilis Wied-Neuwied, 1841)",no_population_matched_genotype,0,,,,,,,,,,No authenticated target genome in the local panel; no statistic computed.
Pacific Coast wolf,no_population_matched_genotype,0,,,,,,,,,,No authenticated target genome in the local panel; no statistic computed.
Atlantic Coast wolf,no_population_matched_genotype,0,,,,,,,,,,No authenticated target genome in the local panel; no statistic computed.
West Arctic wolf,no_population_matched_genotype,0,,,,,,,,,,No authenticated target genome in the local panel; no statistic computed.
